,,,,,,,,,,,,,,,,,,,,,,,,,,,,,,,,,,,,,,,,,,,,,,,,,,,,,,,,,,,,,,,,,,,,,,,,,,,,,,,,,,,,,,,,,,,,,,,,,,,,,,,,,,,,,,,,,,,,,,,,,,,,,,,,,,,,,,,,,,,,,,,,,,,,,,,,
0,0.333333333,0.666666667,1,1.333333333,1.666666667,2,2.333333333,2.666666667,3,3.333333333,3.666666667,4,4.333333333,4.666666667,5,5.333333333,5.666666667,6,6.333333333,6.666666667,7,7.333333333,7.666666667,8,8.333333333,8.666666667,9,9.333333333,9.666666667,10,10.33333333,10.66666667,11,11.33333333,11.66666667,12,12.33333333,12.66666667,13,13.33333333,13.66666667,14,14.33333333,14.66666667,15,15.33333333,15.66666667,16,16.33333333,16.66666667,17,17.33333333,17.66666667,18,18.33333333,18.66666667,19,19.33333333,19.66666667,20,20.33333333,20.66666667,21,21.33333333,21.66666667,22,22.33333333,22.66666667,23,23.33333333,23.66666667,24,24.33333333,24.66666667,25,25.33333333,25.66666667,26,26.33333333,26.66666667,27,27.33333333,27.66666667,28,28.33333333,28.66666667,29,29.33333333,29.66666667,30,30.33333333,30.66666667,31,31.33333333,31.66666667,32,32.33333333,32.66666667,33,33.33333333,33.66666667,34,34.33333333,34.66666667,35,35.33333333,35.66666667,36,36.33333333,36.66666667,37,37.33333333,37.66666667,38,38.33333333,38.66666667,39,39.33333333,39.66666667,40,40.33333333,40.66666667,41,41.33333333,41.66666667,42,42.33333333,42.66666667,43,43.33333333,43.66666667,44,44.33333333,44.66666667,45,45.33333333,45.66666667,46,46.33333333,46.66666667,47,47.33333333,47.66666667,48,48.33333333,48.66666667,49,49.33333333,49.66666667,50,time,Replicate Info
0,0.333333333,0.666666667,1,1.333333333,1.666666667,2,2.333333333,2.666666667,3,3.333333333,3.666666667,4,4.333333333,4.666666667,5,5.333333333,5.666666667,6,6.333333333,6.666666667,7,7.333333333,7.666666667,8,8.333333333,8.666666667,9,9.333333333,9.666666667,10,10.33333333,10.66666667,11,11.33333333,11.66666667,12,12.33333333,12.66666667,13,13.33333333,13.66666667,14,14.33333333,14.66666667,15,15.33333333,15.66666667,16,16.33333333,16.66666667,17,17.33333333,17.66666667,18,18.33333333,18.66666667,19,19.33333333,19.66666667,20,20.33333333,20.66666667,21,21.33333333,21.66666667,22,22.33333333,22.66666667,23,23.33333333,23.66666667,24,24.33333333,24.66666667,25,25.33333333,25.66666667,26,26.33333333,26.66666667,27,27.33333333,27.66666667,28,28.33333333,28.66666667,29,29.33333333,29.66666667,30,30.33333333,30.66666667,31,31.33333333,31.66666667,32,32.33333333,32.66666667,33,33.33333333,33.66666667,34,34.33333333,34.66666667,35,35.33333333,35.66666667,36,36.33333333,36.66666667,37,37.33333333,37.66666667,38,38.33333333,38.66666667,39,39.33333333,39.66666667,40,40.33333333,40.66666667,41,41.33333333,41.66666667,42,42.33333333,42.66666667,43,43.33333333,43.66666667,44,44.33333333,44.66666667,45,45.33333333,45.66666667,46,46.33333333,46.66666667,47,47.33333333,47.66666667,48,48.33333333,48.66666667,49,49.33333333,49.66666667,50,time,Replicate Info
0.416,0.292,0.298,0.288,0.282,0.28,0.287,0.293,0.316,0.411,0.454,0.488,0.618,0.718,0.768,0.827,0.879,0.912,0.949,0.984,1.02,1.051,1.085,1.121,1.151,1.173,1.196,1.215,1.254,1.26,1.257,1.254,1.259,1.253,1.251,1.253,1.247,1.244,1.242,1.241,1.242,1.244,1.242,1.242,1.24,1.243,1.244,1.248,1.249,1.251,1.25,1.254,1.256,1.259,1.261,1.263,1.27,1.269,1.273,1.291,1.291,1.34,1.35,1.352,1.355,1.373,1.386,1.393,1.411,1.419,1.42,1.427,1.431,1.437,1.441,1.451,1.452,1.457,1.462,1.469,1.473,1.488,1.491,1.498,1.501,1.505,1.515,1.516,1.521,1.524,1.526,1.53,1.534,1.537,1.544,1.546,1.55,1.551,1.555,1.559,1.561,1.567,1.567,1.571,1.574,1.577,1.58,1.584,1.587,1.589,1.601,1.603,1.606,1.609,1.612,1.614,1.622,1.632,1.636,1.638,1.64,1.642,1.644,1.646,1.649,1.651,1.653,1.655,1.658,1.658,1.661,1.671,1.67,1.675,1.677,1.678,1.679,1.684,1.686,1.693,1.695,1.697,1.699,1.7,1.701,1.703,1.704,1.705,1.705,1.707,1.707,A1,
0.428,0.321,0.317,0.307,0.298,0.294,0.299,0.306,0.332,0.369,0.392,0.418,0.46,0.689,0.755,0.817,0.864,0.898,0.934,0.968,1.004,1.041,1.074,1.109,1.137,1.158,1.185,1.203,1.24,1.256,1.258,1.254,1.248,1.24,1.235,1.234,1.227,1.223,1.22,1.219,1.221,1.223,1.218,1.217,1.214,1.213,1.214,1.221,1.223,1.228,1.232,1.261,1.294,1.308,1.308,1.31,1.314,1.311,1.313,1.319,1.314,1.322,1.325,1.325,1.327,1.354,1.393,1.396,1.4,1.404,1.406,1.411,1.415,1.419,1.422,1.437,1.438,1.443,1.447,1.45,1.454,1.453,1.46,1.475,1.478,1.483,1.489,1.49,1.494,1.495,1.496,1.5,1.504,1.505,1.509,1.51,1.511,1.511,1.515,1.519,1.521,1.528,1.528,1.531,1.544,1.545,1.547,1.548,1.549,1.553,1.56,1.563,1.567,1.59,1.607,1.608,1.615,1.626,1.633,1.636,1.639,1.639,1.643,1.645,1.646,1.649,1.649,1.651,1.653,1.655,1.657,1.657,1.658,1.661,1.662,1.663,1.664,1.67,1.673,1.673,1.674,1.674,1.677,1.678,1.678,1.683,1.685,1.684,1.687,1.686,1.688,A2,
0.408,0.322,0.31,0.298,0.289,0.281,0.282,0.282,0.298,0.318,0.322,0.327,0.338,0.483,0.608,0.771,0.829,0.868,0.907,0.94,0.971,1.006,1.039,1.07,1.103,1.125,1.148,1.169,1.204,1.225,1.24,1.247,1.267,1.268,1.276,1.274,1.268,1.264,1.262,1.261,1.256,1.259,1.252,1.252,1.25,1.249,1.255,1.283,1.285,1.285,1.285,1.307,1.312,1.313,1.314,1.313,1.316,1.314,1.316,1.321,1.317,1.325,1.329,1.328,1.33,1.341,1.346,1.351,1.354,1.372,1.382,1.419,1.429,1.433,1.436,1.445,1.446,1.45,1.456,1.459,1.465,1.467,1.479,1.484,1.489,1.49,1.495,1.496,1.5,1.502,1.504,1.507,1.512,1.53,1.533,1.536,1.536,1.539,1.541,1.545,1.547,1.554,1.562,1.568,1.569,1.573,1.574,1.575,1.577,1.582,1.598,1.611,1.612,1.617,1.618,1.623,1.627,1.628,1.63,1.633,1.633,1.636,1.639,1.646,1.649,1.654,1.654,1.656,1.658,1.659,1.663,1.662,1.663,1.666,1.667,1.669,1.667,1.674,1.673,1.675,1.676,1.68,1.683,1.69,1.692,1.695,1.695,1.698,1.699,1.701,1.701,A3,1/1
0.383,0.229,0.222,0.211,0.201,0.195,0.192,0.187,0.182,0.178,0.171,0.168,0.161,0.158,0.159,0.158,0.155,0.152,0.154,0.153,0.153,0.174,0.207,0.236,0.26,0.29,0.333,0.424,0.581,0.843,0.888,0.923,0.96,0.99,1.032,1.066,1.096,1.127,1.158,1.188,1.226,1.258,1.266,1.267,1.262,1.261,1.261,1.26,1.259,1.257,1.256,1.255,1.258,1.26,1.262,1.263,1.268,1.269,1.271,1.278,1.287,1.292,1.295,1.3,1.301,1.31,1.313,1.318,1.323,1.347,1.355,1.369,1.378,1.384,1.39,1.398,1.403,1.41,1.416,1.421,1.428,1.432,1.442,1.448,1.451,1.46,1.466,1.47,1.478,1.483,1.486,1.493,1.497,1.502,1.565,1.568,1.571,1.574,1.577,1.582,1.586,1.591,1.594,1.597,1.602,1.605,1.607,1.611,1.613,1.619,1.623,1.627,1.627,1.634,1.635,1.641,1.646,1.648,1.656,1.661,1.663,1.666,1.669,1.671,1.675,1.677,1.679,1.681,1.684,1.687,1.69,1.691,1.693,1.696,1.698,1.7,1.702,1.713,1.715,1.716,1.717,1.72,1.722,1.724,1.724,1.729,1.73,1.733,1.734,1.735,1.735,A4,1/1
0.381,0.241,0.24,0.225,0.215,0.208,0.205,0.199,0.196,0.19,0.182,0.178,0.173,0.174,0.173,0.174,0.18,0.184,0.189,0.195,0.207,0.23,0.254,0.299,0.326,0.365,0.421,0.529,0.792,0.9,0.936,0.97,1.009,1.042,1.082,1.116,1.146,1.18,1.208,1.241,1.271,1.288,1.286,1.289,1.285,1.285,1.289,1.286,1.283,1.284,1.286,1.32,1.329,1.33,1.332,1.336,1.342,1.347,1.352,1.359,1.362,1.365,1.373,1.376,1.38,1.389,1.398,1.404,1.41,1.42,1.424,1.431,1.44,1.444,1.45,1.458,1.463,1.468,1.476,1.482,1.499,1.504,1.509,1.516,1.519,1.525,1.532,1.535,1.541,1.546,1.551,1.562,1.57,1.577,1.582,1.589,1.595,1.6,1.603,1.61,1.612,1.621,1.639,1.641,1.645,1.65,1.652,1.656,1.66,1.664,1.668,1.671,1.674,1.677,1.681,1.683,1.688,1.691,1.695,1.697,1.7,1.703,1.707,1.708,1.712,1.716,1.72,1.72,1.725,1.726,1.729,1.731,1.735,1.74,1.739,1.742,1.743,1.745,1.747,1.749,1.752,1.753,1.756,1.757,1.759,1.76,1.762,1.764,1.765,1.767,1.77,A5,1/1
0.38,0.249,0.247,0.235,0.225,0.218,0.215,0.21,0.206,0.201,0.195,0.191,0.184,0.181,0.184,0.187,0.192,0.196,0.206,0.213,0.227,0.256,0.303,0.354,0.406,0.483,0.581,0.709,0.853,0.905,0.936,0.969,1.004,1.034,1.077,1.108,1.135,1.166,1.204,1.246,1.271,1.279,1.278,1.28,1.275,1.273,1.276,1.3,1.298,1.298,1.296,1.294,1.298,1.299,1.3,1.301,1.305,1.305,1.308,1.318,1.316,1.32,1.325,1.328,1.333,1.341,1.351,1.385,1.405,1.414,1.418,1.426,1.435,1.44,1.445,1.451,1.456,1.462,1.467,1.474,1.481,1.485,1.49,1.495,1.499,1.505,1.512,1.517,1.521,1.53,1.552,1.556,1.559,1.565,1.585,1.589,1.594,1.597,1.599,1.605,1.61,1.619,1.621,1.623,1.629,1.63,1.636,1.637,1.64,1.644,1.652,1.653,1.656,1.66,1.663,1.665,1.668,1.671,1.672,1.676,1.677,1.681,1.683,1.684,1.689,1.694,1.7,1.701,1.705,1.706,1.708,1.709,1.71,1.713,1.713,1.715,1.716,1.719,1.719,1.722,1.729,1.738,1.744,1.743,1.745,1.751,1.767,1.773,1.773,1.775,1.776,A6,1/1
0.407,0.307,0.3,0.291,0.283,0.287,0.312,0.345,0.384,0.464,0.509,0.553,0.64,0.846,0.898,0.945,0.994,1.037,1.082,1.122,1.162,1.203,1.241,1.271,1.3,1.315,1.317,1.322,1.32,1.322,1.318,1.322,1.321,1.319,1.333,1.337,1.335,1.336,1.335,1.339,1.337,1.345,1.344,1.346,1.346,1.349,1.352,1.353,1.355,1.358,1.362,1.362,1.364,1.37,1.37,1.373,1.377,1.377,1.379,1.384,1.384,1.392,1.394,1.398,1.399,1.405,1.408,1.408,1.411,1.417,1.418,1.421,1.428,1.427,1.43,1.439,1.441,1.448,1.45,1.454,1.458,1.461,1.467,1.469,1.472,1.477,1.482,1.485,1.488,1.491,1.498,1.503,1.508,1.511,1.516,1.519,1.522,1.527,1.532,1.536,1.539,1.545,1.548,1.552,1.556,1.561,1.564,1.567,1.571,1.577,1.58,1.584,1.588,1.594,1.598,1.602,1.607,1.611,1.616,1.619,1.623,1.627,1.631,1.635,1.64,1.642,1.647,1.651,1.656,1.659,1.662,1.665,1.669,1.675,1.678,1.68,1.683,1.686,1.69,1.692,1.696,1.698,1.7,1.704,1.706,1.71,1.71,1.713,1.716,1.719,1.721,A7,1/1
0.427,0.309,0.303,0.295,0.29,0.296,0.321,0.355,0.401,0.465,0.495,0.526,0.597,0.859,0.911,0.96,1.009,1.05,1.094,1.132,1.169,1.204,1.252,1.276,1.302,1.308,1.309,1.308,1.319,1.32,1.316,1.32,1.318,1.318,1.319,1.323,1.325,1.328,1.331,1.333,1.333,1.336,1.334,1.336,1.333,1.336,1.338,1.344,1.349,1.352,1.354,1.355,1.357,1.359,1.362,1.363,1.369,1.368,1.369,1.374,1.375,1.377,1.38,1.382,1.385,1.393,1.401,1.403,1.405,1.41,1.41,1.413,1.421,1.419,1.423,1.43,1.43,1.434,1.437,1.439,1.443,1.443,1.454,1.456,1.46,1.463,1.468,1.47,1.473,1.476,1.48,1.486,1.489,1.493,1.497,1.498,1.501,1.505,1.508,1.512,1.515,1.521,1.522,1.528,1.535,1.538,1.539,1.544,1.548,1.551,1.554,1.557,1.56,1.565,1.572,1.573,1.578,1.581,1.587,1.591,1.594,1.597,1.601,1.605,1.607,1.612,1.615,1.618,1.624,1.629,1.633,1.635,1.638,1.643,1.646,1.651,1.653,1.656,1.659,1.662,1.663,1.669,1.672,1.675,1.678,1.681,1.683,1.687,1.688,1.691,1.693,A8,1/1
0.413,0.31,0.288,0.273,0.263,0.263,0.275,0.302,0.335,0.369,0.37,0.382,0.417,0.588,0.833,0.938,0.984,1.023,1.073,1.117,1.156,1.192,1.23,1.262,1.295,1.304,1.307,1.306,1.304,1.306,1.307,1.312,1.314,1.313,1.315,1.318,1.319,1.319,1.324,1.323,1.323,1.329,1.327,1.333,1.331,1.335,1.34,1.34,1.344,1.348,1.352,1.352,1.356,1.362,1.361,1.366,1.372,1.371,1.374,1.383,1.385,1.387,1.392,1.396,1.398,1.405,1.408,1.41,1.415,1.424,1.423,1.429,1.439,1.438,1.444,1.45,1.452,1.456,1.462,1.467,1.472,1.477,1.482,1.487,1.491,1.497,1.503,1.507,1.513,1.518,1.524,1.528,1.533,1.54,1.545,1.548,1.555,1.56,1.563,1.569,1.575,1.58,1.586,1.591,1.596,1.601,1.606,1.611,1.615,1.62,1.625,1.627,1.632,1.638,1.643,1.647,1.652,1.654,1.659,1.663,1.667,1.669,1.673,1.677,1.68,1.684,1.687,1.69,1.694,1.697,1.698,1.702,1.705,1.709,1.71,1.711,1.715,1.717,1.717,1.721,1.723,1.725,1.726,1.728,1.729,1.731,1.733,1.734,1.737,1.736,1.739,A9,1/1
0.33,0.261,0.25,0.241,0.234,0.235,0.248,0.266,0.285,0.315,0.323,0.334,0.348,0.457,0.642,0.831,0.878,0.924,0.97,1.014,1.061,1.103,1.145,1.177,1.216,1.246,1.271,1.293,1.295,1.301,1.298,1.303,1.302,1.301,1.308,1.313,1.311,1.31,1.314,1.316,1.32,1.324,1.322,1.326,1.327,1.331,1.335,1.336,1.34,1.346,1.35,1.35,1.358,1.359,1.362,1.367,1.373,1.373,1.377,1.392,1.393,1.401,1.407,1.411,1.416,1.425,1.428,1.432,1.439,1.451,1.453,1.462,1.472,1.474,1.484,1.492,1.494,1.501,1.509,1.517,1.525,1.529,1.536,1.541,1.546,1.554,1.559,1.566,1.572,1.578,1.584,1.59,1.594,1.601,1.608,1.612,1.617,1.623,1.628,1.633,1.637,1.643,1.647,1.653,1.656,1.66,1.665,1.668,1.673,1.677,1.682,1.685,1.688,1.693,1.696,1.698,1.702,1.704,1.708,1.711,1.713,1.715,1.718,1.721,1.724,1.727,1.728,1.73,1.733,1.735,1.738,1.74,1.741,1.744,1.744,1.747,1.75,1.752,1.752,1.754,1.756,1.758,1.757,1.76,1.762,1.764,1.765,1.767,1.768,1.768,1.769,A10,1/1
0.291,0.23,0.221,0.214,0.208,0.212,0.225,0.243,0.271,0.298,0.306,0.313,0.324,0.405,0.517,0.747,0.847,0.898,0.944,0.988,1.03,1.076,1.121,1.15,1.191,1.219,1.244,1.257,1.259,1.263,1.257,1.26,1.259,1.259,1.269,1.274,1.271,1.274,1.272,1.275,1.282,1.287,1.284,1.29,1.287,1.292,1.296,1.3,1.303,1.309,1.312,1.314,1.32,1.323,1.328,1.334,1.342,1.344,1.348,1.356,1.36,1.368,1.371,1.377,1.384,1.393,1.398,1.403,1.41,1.422,1.423,1.431,1.44,1.444,1.454,1.462,1.467,1.474,1.48,1.489,1.494,1.499,1.506,1.512,1.518,1.524,1.528,1.535,1.538,1.545,1.555,1.559,1.565,1.572,1.576,1.581,1.587,1.59,1.595,1.601,1.604,1.609,1.614,1.618,1.623,1.627,1.632,1.634,1.639,1.642,1.646,1.648,1.652,1.656,1.659,1.662,1.665,1.667,1.671,1.674,1.676,1.678,1.681,1.684,1.685,1.688,1.69,1.692,1.694,1.696,1.699,1.699,1.701,1.703,1.705,1.708,1.708,1.71,1.71,1.713,1.714,1.714,1.718,1.718,1.719,1.721,1.722,1.723,1.724,1.727,1.725,A11,1/1
0.346,0.273,0.254,0.243,0.235,0.233,0.241,0.252,0.275,0.295,0.293,0.29,0.301,0.384,0.458,0.597,0.896,0.953,1.002,1.049,1.094,1.134,1.178,1.216,1.256,1.286,1.305,1.308,1.305,1.306,1.305,1.311,1.315,1.313,1.319,1.318,1.319,1.32,1.324,1.327,1.329,1.331,1.334,1.341,1.341,1.344,1.349,1.352,1.356,1.362,1.368,1.371,1.377,1.384,1.389,1.395,1.401,1.405,1.412,1.423,1.427,1.435,1.443,1.449,1.455,1.467,1.473,1.478,1.487,1.498,1.502,1.511,1.521,1.526,1.532,1.543,1.546,1.553,1.559,1.566,1.573,1.58,1.586,1.591,1.597,1.603,1.611,1.615,1.622,1.626,1.632,1.637,1.644,1.647,1.654,1.657,1.664,1.667,1.673,1.676,1.679,1.685,1.687,1.692,1.695,1.7,1.703,1.706,1.709,1.713,1.717,1.721,1.722,1.725,1.729,1.731,1.734,1.738,1.738,1.741,1.743,1.746,1.749,1.75,1.753,1.755,1.756,1.758,1.76,1.761,1.764,1.766,1.768,1.77,1.771,1.772,1.773,1.775,1.775,1.778,1.778,1.779,1.78,1.78,1.781,1.783,1.784,1.785,1.785,1.785,1.789,A12,1/1
0.419,0.332,0.322,0.31,0.308,0.303,0.316,0.352,0.392,0.448,0.473,0.501,0.683,0.842,0.886,0.936,0.984,1.032,1.073,1.111,1.156,1.198,1.237,1.268,1.297,1.307,1.309,1.303,1.313,1.319,1.314,1.313,1.313,1.312,1.312,1.313,1.312,1.312,1.311,1.312,1.311,1.319,1.319,1.321,1.326,1.328,1.332,1.34,1.344,1.346,1.351,1.356,1.361,1.384,1.387,1.392,1.398,1.402,1.407,1.409,1.413,1.424,1.427,1.426,1.436,1.455,1.483,1.487,1.49,1.493,1.496,1.501,1.504,1.509,1.513,1.519,1.52,1.522,1.527,1.53,1.534,1.537,1.54,1.544,1.546,1.549,1.553,1.556,1.561,1.564,1.566,1.571,1.572,1.577,1.58,1.582,1.585,1.587,1.591,1.592,1.595,1.599,1.6,1.603,1.621,1.63,1.638,1.64,1.642,1.644,1.647,1.65,1.65,1.652,1.656,1.656,1.658,1.661,1.663,1.664,1.665,1.668,1.671,1.672,1.674,1.675,1.677,1.679,1.679,1.68,1.682,1.684,1.684,1.686,1.689,1.687,1.688,1.691,1.69,1.692,1.693,1.693,1.696,1.695,1.696,1.697,1.695,1.699,1.7,1.699,1.7,B1,1/1
0.417,0.3,0.302,0.299,0.303,0.308,0.329,0.404,0.524,0.624,0.667,0.705,0.752,0.806,0.849,0.893,0.944,0.993,1.032,1.07,1.119,1.161,1.199,1.235,1.266,1.287,1.295,1.29,1.294,1.292,1.285,1.286,1.283,1.282,1.281,1.282,1.278,1.278,1.277,1.275,1.31,1.317,1.319,1.319,1.322,1.324,1.328,1.329,1.341,1.345,1.347,1.353,1.357,1.36,1.361,1.367,1.37,1.375,1.38,1.386,1.393,1.398,1.405,1.407,1.413,1.416,1.422,1.426,1.43,1.434,1.44,1.444,1.442,1.45,1.453,1.456,1.459,1.463,1.466,1.469,1.482,1.495,1.507,1.515,1.517,1.519,1.525,1.525,1.53,1.53,1.533,1.539,1.543,1.549,1.554,1.556,1.558,1.561,1.563,1.569,1.568,1.572,1.574,1.576,1.579,1.581,1.581,1.585,1.584,1.589,1.589,1.591,1.593,1.594,1.596,1.598,1.635,1.636,1.639,1.639,1.643,1.642,1.645,1.647,1.648,1.649,1.651,1.653,1.654,1.654,1.655,1.656,1.656,1.659,1.66,1.661,1.662,1.662,1.663,1.665,1.665,1.663,1.666,1.668,1.667,1.668,1.669,1.669,1.677,1.685,1.694,B2,1/1
0.419,0.296,0.288,0.279,0.278,0.279,0.287,0.314,0.356,0.467,0.527,0.579,0.699,0.789,0.834,0.88,0.924,0.969,1.012,1.051,1.091,1.134,1.171,1.203,1.236,1.262,1.272,1.269,1.27,1.28,1.275,1.271,1.27,1.269,1.267,1.265,1.263,1.263,1.262,1.261,1.278,1.301,1.302,1.303,1.305,1.305,1.308,1.31,1.312,1.313,1.316,1.319,1.324,1.327,1.328,1.333,1.341,1.345,1.349,1.355,1.357,1.362,1.368,1.368,1.374,1.377,1.383,1.403,1.437,1.45,1.459,1.468,1.469,1.474,1.479,1.48,1.484,1.488,1.49,1.493,1.496,1.498,1.502,1.504,1.508,1.51,1.513,1.515,1.518,1.52,1.521,1.526,1.528,1.529,1.541,1.543,1.545,1.547,1.551,1.558,1.558,1.562,1.561,1.564,1.568,1.571,1.57,1.572,1.574,1.578,1.576,1.581,1.579,1.581,1.583,1.584,1.586,1.587,1.59,1.59,1.592,1.591,1.594,1.593,1.595,1.596,1.596,1.598,1.598,1.599,1.599,1.599,1.599,1.646,1.658,1.657,1.658,1.659,1.661,1.661,1.662,1.664,1.666,1.666,1.667,1.667,1.667,1.686,1.702,1.71,1.711,B3,1/1
0.375,0.24,0.233,0.226,0.225,0.221,0.219,0.225,0.23,0.238,0.239,0.239,0.253,0.274,0.318,0.407,0.475,0.55,0.593,0.624,0.8,0.854,0.899,0.941,0.983,1.026,1.066,1.1,1.144,1.185,1.217,1.255,1.29,1.308,1.32,1.325,1.321,1.32,1.317,1.317,1.317,1.331,1.329,1.329,1.33,1.331,1.334,1.332,1.334,1.336,1.341,1.343,1.349,1.353,1.356,1.361,1.363,1.367,1.373,1.379,1.384,1.389,1.395,1.399,1.401,1.407,1.411,1.414,1.437,1.46,1.478,1.49,1.496,1.497,1.504,1.504,1.507,1.51,1.513,1.515,1.518,1.519,1.523,1.529,1.529,1.532,1.558,1.568,1.579,1.579,1.58,1.583,1.585,1.586,1.595,1.594,1.595,1.598,1.597,1.601,1.602,1.605,1.604,1.621,1.631,1.638,1.637,1.639,1.637,1.641,1.653,1.654,1.653,1.654,1.654,1.656,1.658,1.658,1.658,1.658,1.659,1.658,1.658,1.658,1.662,1.675,1.694,1.703,1.703,1.704,1.704,1.704,1.702,1.702,1.702,1.704,1.701,1.72,1.721,1.742,1.743,1.745,1.744,1.752,1.75,1.753,1.751,1.753,1.752,1.751,1.751,B4,1/1
0.393,0.255,0.25,0.247,0.247,0.246,0.247,0.255,0.265,0.287,0.292,0.298,0.316,0.371,0.428,0.498,0.55,0.651,0.7,0.746,0.841,0.893,0.936,0.98,1.022,1.066,1.105,1.139,1.184,1.23,1.262,1.301,1.32,1.325,1.323,1.323,1.319,1.318,1.316,1.313,1.314,1.312,1.31,1.311,1.314,1.313,1.316,1.319,1.319,1.322,1.327,1.332,1.337,1.343,1.344,1.35,1.354,1.358,1.363,1.368,1.374,1.377,1.383,1.387,1.389,1.414,1.449,1.452,1.458,1.464,1.468,1.47,1.477,1.477,1.482,1.486,1.488,1.493,1.494,1.498,1.502,1.503,1.504,1.509,1.508,1.512,1.515,1.516,1.518,1.519,1.521,1.528,1.527,1.531,1.549,1.589,1.626,1.625,1.627,1.63,1.631,1.635,1.634,1.637,1.641,1.643,1.643,1.643,1.645,1.647,1.648,1.65,1.649,1.65,1.651,1.653,1.654,1.655,1.655,1.655,1.655,1.655,1.657,1.656,1.657,1.666,1.702,1.703,1.72,1.734,1.737,1.738,1.739,1.741,1.741,1.742,1.742,1.741,1.74,1.741,1.741,1.74,1.74,1.743,1.743,1.742,1.741,1.74,1.74,1.739,1.74,B5,1/1
0.377,0.249,0.243,0.237,0.236,0.236,0.236,0.244,0.25,0.261,0.263,0.266,0.277,0.29,0.326,0.369,0.443,0.532,0.581,0.614,0.803,0.87,0.913,0.96,1.003,1.047,1.089,1.126,1.17,1.212,1.245,1.281,1.307,1.318,1.319,1.319,1.317,1.315,1.314,1.313,1.311,1.312,1.312,1.313,1.312,1.315,1.318,1.318,1.322,1.325,1.329,1.334,1.34,1.345,1.347,1.355,1.359,1.364,1.368,1.376,1.381,1.384,1.391,1.395,1.399,1.406,1.423,1.455,1.46,1.467,1.473,1.504,1.526,1.528,1.533,1.536,1.539,1.543,1.546,1.55,1.554,1.557,1.559,1.563,1.565,1.568,1.571,1.574,1.577,1.578,1.58,1.583,1.586,1.595,1.61,1.61,1.614,1.615,1.616,1.619,1.618,1.622,1.623,1.624,1.641,1.65,1.659,1.658,1.66,1.662,1.663,1.668,1.677,1.695,1.705,1.705,1.707,1.708,1.711,1.711,1.712,1.714,1.714,1.714,1.714,1.719,1.72,1.721,1.721,1.728,1.731,1.734,1.732,1.732,1.731,1.734,1.733,1.733,1.731,1.735,1.745,1.744,1.743,1.753,1.758,1.764,1.769,1.769,1.774,1.773,1.773,B6,1/1
0.41,0.304,0.307,0.315,0.324,0.354,0.461,0.544,0.638,0.702,0.752,0.808,0.868,0.923,0.974,1.025,1.077,1.12,1.164,1.207,1.25,1.291,1.328,1.337,1.34,1.337,1.339,1.339,1.341,1.343,1.34,1.343,1.343,1.346,1.346,1.35,1.35,1.352,1.354,1.356,1.359,1.36,1.359,1.363,1.366,1.368,1.371,1.374,1.375,1.379,1.381,1.385,1.388,1.391,1.392,1.397,1.399,1.402,1.404,1.409,1.409,1.414,1.42,1.42,1.424,1.428,1.43,1.432,1.434,1.437,1.441,1.445,1.445,1.451,1.453,1.457,1.46,1.463,1.467,1.469,1.473,1.473,1.478,1.483,1.485,1.486,1.491,1.493,1.496,1.498,1.5,1.505,1.509,1.51,1.517,1.518,1.521,1.525,1.529,1.533,1.535,1.539,1.541,1.544,1.549,1.553,1.556,1.56,1.565,1.568,1.572,1.576,1.579,1.583,1.589,1.591,1.596,1.6,1.605,1.608,1.613,1.616,1.621,1.624,1.628,1.631,1.635,1.641,1.644,1.648,1.652,1.655,1.659,1.663,1.666,1.669,1.672,1.675,1.678,1.683,1.684,1.687,1.69,1.694,1.696,1.698,1.7,1.702,1.705,1.707,1.709,B7,1/1
0.418,0.31,0.312,0.317,0.323,0.347,0.422,0.487,0.588,0.696,0.746,0.797,0.858,0.914,0.967,1.019,1.068,1.121,1.164,1.207,1.248,1.286,1.32,1.331,1.335,1.334,1.335,1.332,1.336,1.338,1.335,1.338,1.338,1.341,1.341,1.344,1.344,1.346,1.347,1.348,1.353,1.353,1.355,1.357,1.361,1.362,1.367,1.367,1.371,1.373,1.376,1.378,1.384,1.387,1.388,1.391,1.396,1.398,1.399,1.405,1.408,1.41,1.414,1.416,1.417,1.422,1.424,1.426,1.428,1.433,1.435,1.438,1.442,1.443,1.448,1.449,1.452,1.455,1.457,1.461,1.465,1.466,1.469,1.472,1.474,1.477,1.481,1.483,1.487,1.489,1.49,1.495,1.497,1.5,1.503,1.504,1.507,1.509,1.512,1.517,1.519,1.524,1.525,1.528,1.532,1.534,1.538,1.541,1.544,1.548,1.551,1.554,1.556,1.561,1.565,1.568,1.572,1.573,1.58,1.583,1.586,1.588,1.591,1.595,1.598,1.602,1.606,1.61,1.613,1.616,1.62,1.623,1.626,1.63,1.633,1.637,1.641,1.643,1.646,1.649,1.652,1.655,1.659,1.66,1.663,1.666,1.668,1.673,1.674,1.676,1.678,B8,1/1
0.406,0.311,0.31,0.316,0.32,0.348,0.415,0.486,0.607,0.714,0.768,0.824,0.877,0.932,0.984,1.038,1.089,1.135,1.179,1.222,1.262,1.3,1.331,1.336,1.338,1.338,1.337,1.335,1.341,1.341,1.339,1.342,1.341,1.344,1.344,1.347,1.348,1.35,1.352,1.354,1.356,1.358,1.358,1.36,1.366,1.368,1.371,1.372,1.375,1.378,1.384,1.386,1.388,1.392,1.392,1.399,1.4,1.402,1.404,1.408,1.412,1.414,1.42,1.421,1.423,1.425,1.43,1.431,1.432,1.437,1.439,1.444,1.449,1.447,1.451,1.455,1.457,1.46,1.463,1.465,1.468,1.471,1.474,1.478,1.479,1.483,1.484,1.488,1.491,1.492,1.495,1.498,1.5,1.504,1.507,1.507,1.511,1.512,1.516,1.519,1.523,1.526,1.528,1.532,1.534,1.537,1.539,1.543,1.545,1.55,1.553,1.555,1.559,1.561,1.565,1.567,1.571,1.574,1.577,1.578,1.583,1.585,1.589,1.593,1.596,1.598,1.602,1.605,1.608,1.613,1.614,1.617,1.62,1.624,1.626,1.63,1.633,1.636,1.638,1.643,1.645,1.649,1.651,1.655,1.656,1.66,1.661,1.665,1.667,1.669,1.672,B9,1/1
0.318,0.243,0.236,0.235,0.234,0.242,0.258,0.297,0.347,0.411,0.438,0.463,0.508,0.799,0.858,0.917,0.973,1.023,1.069,1.116,1.162,1.209,1.252,1.284,1.309,1.312,1.313,1.313,1.315,1.317,1.314,1.317,1.319,1.323,1.323,1.325,1.327,1.328,1.331,1.331,1.335,1.337,1.337,1.342,1.345,1.35,1.353,1.355,1.358,1.362,1.368,1.372,1.376,1.381,1.383,1.389,1.391,1.395,1.399,1.404,1.41,1.412,1.42,1.423,1.426,1.431,1.435,1.437,1.442,1.45,1.455,1.461,1.467,1.469,1.477,1.482,1.485,1.491,1.496,1.502,1.508,1.513,1.518,1.524,1.529,1.536,1.542,1.547,1.554,1.559,1.565,1.573,1.578,1.583,1.591,1.594,1.6,1.605,1.612,1.617,1.622,1.627,1.631,1.637,1.641,1.646,1.65,1.654,1.658,1.662,1.665,1.672,1.673,1.677,1.682,1.683,1.687,1.69,1.694,1.696,1.7,1.701,1.705,1.709,1.71,1.712,1.714,1.717,1.719,1.723,1.724,1.726,1.727,1.731,1.733,1.734,1.735,1.738,1.739,1.741,1.743,1.745,1.746,1.747,1.749,1.749,1.751,1.752,1.755,1.754,1.756,B10,1/1
0.296,0.225,0.221,0.225,0.227,0.24,0.276,0.329,0.382,0.47,0.529,0.576,0.697,0.791,0.846,0.908,0.965,1.011,1.059,1.109,1.154,1.198,1.243,1.268,1.28,1.279,1.279,1.279,1.284,1.286,1.282,1.287,1.287,1.29,1.291,1.296,1.295,1.298,1.299,1.3,1.304,1.304,1.304,1.308,1.312,1.316,1.321,1.322,1.327,1.331,1.336,1.339,1.342,1.346,1.348,1.352,1.354,1.357,1.36,1.366,1.372,1.374,1.382,1.384,1.386,1.393,1.396,1.398,1.402,1.41,1.412,1.418,1.424,1.426,1.433,1.436,1.44,1.446,1.451,1.457,1.463,1.465,1.473,1.478,1.482,1.487,1.493,1.499,1.506,1.513,1.516,1.524,1.529,1.535,1.542,1.546,1.552,1.557,1.563,1.569,1.574,1.58,1.584,1.588,1.594,1.598,1.603,1.605,1.612,1.615,1.619,1.622,1.626,1.63,1.635,1.638,1.641,1.644,1.647,1.651,1.654,1.654,1.659,1.662,1.663,1.665,1.667,1.671,1.673,1.676,1.677,1.678,1.683,1.682,1.685,1.686,1.687,1.689,1.689,1.691,1.694,1.695,1.697,1.697,1.699,1.7,1.701,1.702,1.703,1.704,1.705,B11,1/1
0.337,0.247,0.236,0.229,0.224,0.231,0.249,0.282,0.322,0.376,0.395,0.411,0.466,0.798,0.891,0.952,1.005,1.061,1.109,1.16,1.21,1.255,1.3,1.322,1.33,1.329,1.329,1.328,1.332,1.335,1.331,1.334,1.335,1.337,1.337,1.342,1.341,1.344,1.345,1.35,1.353,1.356,1.356,1.361,1.365,1.369,1.374,1.377,1.381,1.387,1.393,1.395,1.401,1.408,1.41,1.416,1.421,1.425,1.429,1.436,1.441,1.447,1.455,1.46,1.462,1.468,1.474,1.479,1.484,1.49,1.497,1.505,1.513,1.516,1.523,1.53,1.534,1.541,1.546,1.552,1.559,1.566,1.572,1.577,1.583,1.589,1.596,1.602,1.609,1.613,1.619,1.625,1.631,1.635,1.641,1.644,1.652,1.655,1.659,1.664,1.667,1.673,1.677,1.681,1.685,1.688,1.691,1.697,1.698,1.702,1.705,1.71,1.713,1.715,1.719,1.722,1.725,1.728,1.729,1.732,1.734,1.738,1.74,1.741,1.745,1.746,1.748,1.75,1.751,1.755,1.757,1.758,1.759,1.761,1.762,1.763,1.766,1.767,1.767,1.769,1.77,1.772,1.773,1.773,1.774,1.774,1.775,1.777,1.777,1.777,1.78,B12,1/1
0.426,0.305,0.292,0.279,0.272,0.273,0.3,0.397,0.561,0.682,0.734,0.782,0.842,0.897,0.939,0.995,1.042,1.092,1.135,1.18,1.222,1.262,1.291,1.329,1.343,1.341,1.34,1.339,1.343,1.345,1.34,1.34,1.338,1.338,1.334,1.33,1.338,1.337,1.331,1.334,1.337,1.338,1.347,1.347,1.36,1.361,1.359,1.364,1.375,1.371,1.376,1.384,1.386,1.393,1.396,1.4,1.405,1.415,1.418,1.42,1.426,1.431,1.435,1.438,1.444,1.448,1.451,1.457,1.461,1.462,1.466,1.471,1.471,1.475,1.48,1.481,1.485,1.489,1.491,1.495,1.498,1.501,1.502,1.506,1.508,1.512,1.516,1.517,1.522,1.524,1.527,1.532,1.532,1.536,1.538,1.541,1.544,1.546,1.549,1.551,1.554,1.557,1.558,1.56,1.562,1.563,1.566,1.568,1.57,1.572,1.59,1.615,1.616,1.618,1.619,1.62,1.624,1.627,1.628,1.63,1.631,1.632,1.635,1.636,1.638,1.639,1.641,1.643,1.644,1.644,1.646,1.647,1.65,1.651,1.654,1.653,1.655,1.656,1.656,1.658,1.657,1.659,1.662,1.662,1.663,1.663,1.665,1.666,1.668,1.668,1.67,C1,1/1
0.418,0.3,0.309,0.309,0.313,0.33,0.465,0.552,0.616,0.664,0.709,0.752,0.81,0.868,0.911,0.964,1.021,1.068,1.112,1.156,1.2,1.246,1.27,1.313,1.335,1.336,1.332,1.333,1.333,1.333,1.326,1.328,1.324,1.325,1.328,1.324,1.325,1.326,1.324,1.329,1.336,1.34,1.342,1.341,1.347,1.348,1.352,1.358,1.362,1.365,1.364,1.377,1.38,1.386,1.388,1.387,1.398,1.403,1.409,1.411,1.415,1.425,1.424,1.426,1.434,1.443,1.444,1.448,1.452,1.465,1.47,1.475,1.472,1.48,1.484,1.485,1.491,1.495,1.496,1.498,1.502,1.506,1.507,1.513,1.516,1.518,1.521,1.524,1.528,1.531,1.534,1.539,1.54,1.543,1.547,1.549,1.551,1.554,1.558,1.56,1.562,1.565,1.567,1.569,1.573,1.574,1.576,1.58,1.581,1.587,1.588,1.59,1.594,1.595,1.598,1.611,1.63,1.632,1.65,1.652,1.654,1.656,1.657,1.66,1.66,1.664,1.665,1.666,1.668,1.67,1.671,1.672,1.674,1.675,1.676,1.679,1.681,1.68,1.683,1.683,1.684,1.683,1.686,1.687,1.688,1.689,1.691,1.691,1.693,1.693,1.713,C2,1/1
0.419,0.302,0.309,0.308,0.313,0.332,0.455,0.544,0.608,0.656,0.702,0.748,0.8,0.858,0.904,0.953,1.007,1.059,1.105,1.148,1.193,1.236,1.262,1.304,1.326,1.331,1.329,1.327,1.328,1.328,1.322,1.321,1.319,1.318,1.32,1.314,1.314,1.315,1.313,1.313,1.327,1.339,1.341,1.342,1.346,1.346,1.35,1.357,1.36,1.362,1.362,1.374,1.375,1.379,1.385,1.384,1.394,1.4,1.405,1.406,1.41,1.419,1.419,1.42,1.426,1.435,1.437,1.441,1.444,1.458,1.462,1.468,1.465,1.471,1.475,1.477,1.484,1.486,1.486,1.489,1.494,1.496,1.499,1.504,1.507,1.507,1.512,1.515,1.518,1.519,1.522,1.529,1.529,1.533,1.533,1.538,1.539,1.541,1.545,1.546,1.548,1.552,1.553,1.556,1.559,1.562,1.562,1.565,1.569,1.569,1.572,1.575,1.576,1.578,1.579,1.582,1.585,1.586,1.587,1.589,1.591,1.594,1.598,1.601,1.604,1.609,1.639,1.643,1.646,1.66,1.66,1.663,1.663,1.665,1.666,1.668,1.669,1.67,1.672,1.672,1.673,1.675,1.676,1.678,1.678,1.679,1.681,1.681,1.682,1.683,1.683,C3,1/1
0.399,0.246,0.238,0.231,0.229,0.232,0.239,0.263,0.296,0.322,0.335,0.343,0.365,0.444,0.605,0.714,0.766,0.817,0.864,0.913,0.967,1.025,1.085,1.125,1.173,1.213,1.256,1.294,1.331,1.361,1.362,1.363,1.36,1.36,1.359,1.357,1.356,1.357,1.355,1.352,1.356,1.354,1.352,1.352,1.357,1.357,1.36,1.365,1.369,1.372,1.376,1.381,1.385,1.391,1.394,1.398,1.404,1.408,1.413,1.418,1.425,1.428,1.432,1.437,1.439,1.444,1.445,1.45,1.455,1.493,1.521,1.531,1.537,1.538,1.543,1.544,1.548,1.553,1.553,1.557,1.561,1.563,1.565,1.569,1.569,1.574,1.577,1.578,1.582,1.582,1.585,1.586,1.588,1.59,1.596,1.597,1.598,1.601,1.602,1.603,1.606,1.608,1.608,1.61,1.612,1.613,1.614,1.615,1.615,1.618,1.632,1.644,1.644,1.646,1.647,1.648,1.65,1.65,1.652,1.653,1.655,1.654,1.656,1.655,1.657,1.656,1.659,1.658,1.659,1.673,1.714,1.713,1.714,1.715,1.716,1.717,1.718,1.719,1.72,1.719,1.72,1.721,1.722,1.722,1.72,1.723,1.722,1.722,1.723,1.723,1.721,C4,1/1
0.396,0.26,0.287,0.301,0.311,0.332,0.362,0.396,0.43,0.462,0.492,0.521,0.564,0.636,0.688,0.748,0.8,0.853,0.902,0.954,1.009,1.064,1.117,1.165,1.21,1.249,1.289,1.323,1.354,1.374,1.367,1.365,1.361,1.36,1.359,1.354,1.351,1.35,1.347,1.344,1.348,1.345,1.344,1.344,1.348,1.347,1.351,1.355,1.358,1.361,1.365,1.371,1.373,1.38,1.383,1.388,1.393,1.396,1.401,1.406,1.411,1.412,1.418,1.418,1.421,1.44,1.457,1.481,1.487,1.491,1.494,1.499,1.503,1.504,1.508,1.51,1.514,1.518,1.519,1.521,1.525,1.528,1.531,1.534,1.535,1.539,1.543,1.544,1.548,1.549,1.552,1.556,1.557,1.558,1.601,1.638,1.64,1.643,1.645,1.647,1.649,1.652,1.651,1.653,1.663,1.667,1.665,1.667,1.669,1.669,1.67,1.673,1.672,1.673,1.674,1.676,1.676,1.678,1.678,1.679,1.682,1.68,1.683,1.682,1.683,1.681,1.685,1.683,1.685,1.685,1.684,1.684,1.686,1.687,1.685,1.687,1.687,1.688,1.687,1.686,1.687,1.687,1.687,1.686,1.688,1.688,1.688,1.686,1.687,1.688,1.687,C5,1/1
0.407,0.272,0.289,0.294,0.3,0.324,0.352,0.383,0.421,0.454,0.486,0.511,0.553,0.634,0.683,0.742,0.801,0.854,0.901,0.951,1.005,1.063,1.111,1.157,1.206,1.243,1.282,1.316,1.351,1.367,1.361,1.359,1.355,1.353,1.353,1.348,1.345,1.345,1.34,1.341,1.342,1.352,1.362,1.363,1.382,1.385,1.388,1.392,1.395,1.397,1.401,1.405,1.408,1.413,1.414,1.42,1.423,1.429,1.431,1.435,1.439,1.442,1.446,1.448,1.45,1.47,1.477,1.482,1.484,1.488,1.492,1.495,1.498,1.501,1.506,1.507,1.51,1.514,1.517,1.518,1.521,1.524,1.527,1.529,1.531,1.534,1.536,1.539,1.542,1.543,1.545,1.548,1.55,1.552,1.558,1.559,1.56,1.562,1.564,1.567,1.567,1.606,1.618,1.616,1.621,1.621,1.622,1.623,1.626,1.627,1.628,1.631,1.631,1.633,1.633,1.636,1.638,1.639,1.642,1.643,1.645,1.645,1.647,1.647,1.694,1.708,1.708,1.708,1.71,1.712,1.712,1.712,1.713,1.714,1.729,1.75,1.749,1.751,1.751,1.753,1.753,1.751,1.753,1.754,1.753,1.754,1.755,1.753,1.754,1.752,1.753,C6,1/1
0.422,0.33,0.347,0.36,0.377,0.447,0.526,0.594,0.684,0.742,0.801,0.857,0.92,0.979,1.028,1.084,1.136,1.182,1.225,1.268,1.312,1.347,1.371,1.372,1.372,1.369,1.369,1.368,1.376,1.38,1.376,1.376,1.376,1.377,1.378,1.378,1.381,1.383,1.381,1.383,1.389,1.394,1.396,1.399,1.404,1.407,1.409,1.415,1.418,1.422,1.427,1.433,1.435,1.441,1.444,1.45,1.455,1.464,1.469,1.475,1.483,1.488,1.495,1.5,1.505,1.512,1.517,1.523,1.528,1.533,1.541,1.548,1.551,1.558,1.564,1.569,1.575,1.581,1.586,1.589,1.595,1.6,1.606,1.611,1.615,1.621,1.625,1.628,1.635,1.637,1.64,1.646,1.649,1.653,1.659,1.662,1.666,1.669,1.674,1.677,1.68,1.685,1.688,1.691,1.697,1.699,1.701,1.703,1.708,1.712,1.713,1.715,1.718,1.721,1.724,1.726,1.729,1.732,1.734,1.735,1.739,1.739,1.742,1.743,1.747,1.747,1.749,1.752,1.755,1.756,1.757,1.758,1.76,1.763,1.765,1.767,1.768,1.769,1.77,1.771,1.771,1.773,1.773,1.776,1.776,1.779,1.777,1.779,1.781,1.779,1.781,C7,1/1
0.419,0.322,0.332,0.344,0.359,0.438,0.498,0.568,0.662,0.719,0.776,0.833,0.896,0.956,1.007,1.062,1.113,1.156,1.202,1.246,1.286,1.325,1.352,1.358,1.358,1.355,1.355,1.357,1.36,1.365,1.36,1.36,1.362,1.363,1.367,1.366,1.367,1.369,1.37,1.37,1.378,1.379,1.382,1.382,1.388,1.39,1.394,1.4,1.404,1.407,1.411,1.416,1.42,1.428,1.43,1.434,1.442,1.446,1.451,1.456,1.462,1.469,1.475,1.479,1.484,1.494,1.498,1.505,1.51,1.515,1.521,1.528,1.53,1.537,1.544,1.55,1.554,1.56,1.565,1.569,1.577,1.58,1.584,1.59,1.595,1.6,1.605,1.607,1.612,1.616,1.62,1.627,1.63,1.635,1.638,1.642,1.646,1.65,1.654,1.658,1.661,1.666,1.667,1.67,1.676,1.678,1.681,1.684,1.687,1.689,1.693,1.695,1.696,1.702,1.704,1.706,1.709,1.712,1.714,1.715,1.719,1.72,1.722,1.724,1.725,1.729,1.731,1.732,1.734,1.735,1.736,1.737,1.739,1.74,1.741,1.744,1.746,1.745,1.747,1.748,1.746,1.75,1.75,1.752,1.753,1.755,1.755,1.757,1.757,1.757,1.759,C8,1/1
0.416,0.316,0.31,0.313,0.315,0.341,0.442,0.541,0.667,0.737,0.794,0.851,0.909,0.973,1.024,1.072,1.128,1.177,1.22,1.266,1.308,1.344,1.366,1.367,1.366,1.363,1.363,1.367,1.372,1.374,1.371,1.372,1.371,1.373,1.377,1.375,1.378,1.381,1.38,1.382,1.391,1.391,1.392,1.395,1.399,1.4,1.403,1.411,1.413,1.418,1.422,1.428,1.431,1.437,1.439,1.443,1.45,1.455,1.46,1.464,1.471,1.478,1.483,1.488,1.494,1.503,1.508,1.514,1.519,1.523,1.529,1.535,1.538,1.544,1.552,1.557,1.564,1.569,1.573,1.578,1.585,1.589,1.594,1.6,1.602,1.608,1.613,1.618,1.623,1.627,1.631,1.637,1.642,1.646,1.65,1.653,1.657,1.662,1.665,1.668,1.672,1.677,1.68,1.684,1.687,1.69,1.692,1.695,1.7,1.702,1.706,1.708,1.71,1.713,1.717,1.719,1.721,1.724,1.727,1.727,1.731,1.732,1.735,1.736,1.738,1.74,1.743,1.744,1.747,1.749,1.75,1.751,1.753,1.755,1.756,1.756,1.757,1.76,1.761,1.763,1.762,1.765,1.765,1.766,1.766,1.768,1.769,1.771,1.771,1.772,1.772,C9,1/1
0.359,0.256,0.254,0.257,0.26,0.293,0.366,0.452,0.562,0.631,0.689,0.74,0.805,0.87,0.922,0.98,1.04,1.089,1.143,1.189,1.236,1.277,1.318,1.336,1.343,1.339,1.34,1.342,1.346,1.351,1.344,1.347,1.346,1.347,1.35,1.354,1.354,1.357,1.356,1.359,1.369,1.368,1.37,1.372,1.376,1.382,1.385,1.389,1.396,1.399,1.404,1.41,1.412,1.418,1.42,1.427,1.432,1.438,1.444,1.452,1.461,1.465,1.472,1.479,1.482,1.491,1.495,1.503,1.51,1.515,1.523,1.531,1.536,1.541,1.549,1.553,1.558,1.565,1.57,1.575,1.583,1.588,1.594,1.599,1.603,1.611,1.617,1.621,1.627,1.631,1.636,1.642,1.645,1.651,1.656,1.66,1.664,1.668,1.674,1.677,1.681,1.685,1.688,1.693,1.696,1.699,1.702,1.707,1.71,1.713,1.716,1.72,1.722,1.727,1.73,1.73,1.734,1.737,1.738,1.742,1.744,1.746,1.748,1.751,1.754,1.756,1.757,1.759,1.76,1.763,1.764,1.764,1.767,1.769,1.769,1.771,1.773,1.773,1.775,1.775,1.776,1.777,1.778,1.78,1.78,1.782,1.784,1.783,1.785,1.785,1.784,C10,1/1
0.318,0.232,0.231,0.236,0.24,0.29,0.371,0.435,0.526,0.603,0.657,0.713,0.777,0.843,0.895,0.956,1.012,1.069,1.118,1.163,1.213,1.255,1.29,1.305,1.31,1.304,1.303,1.306,1.309,1.314,1.312,1.312,1.312,1.311,1.314,1.315,1.314,1.318,1.316,1.316,1.322,1.328,1.329,1.33,1.332,1.343,1.346,1.35,1.353,1.356,1.359,1.364,1.366,1.371,1.372,1.376,1.386,1.389,1.393,1.398,1.405,1.407,1.413,1.417,1.422,1.438,1.444,1.448,1.455,1.461,1.465,1.47,1.474,1.479,1.486,1.488,1.497,1.504,1.508,1.514,1.52,1.523,1.53,1.534,1.538,1.544,1.549,1.552,1.555,1.561,1.564,1.57,1.576,1.579,1.592,1.595,1.599,1.603,1.606,1.611,1.615,1.62,1.623,1.625,1.629,1.632,1.636,1.638,1.644,1.646,1.649,1.652,1.653,1.659,1.662,1.665,1.667,1.671,1.673,1.675,1.678,1.678,1.682,1.684,1.687,1.688,1.69,1.692,1.694,1.696,1.696,1.697,1.699,1.701,1.702,1.704,1.704,1.706,1.706,1.707,1.709,1.711,1.714,1.715,1.716,1.718,1.717,1.719,1.72,1.723,1.721,C11,1/1
0.348,0.247,0.24,0.242,0.239,0.26,0.318,0.374,0.456,0.61,0.684,0.746,0.836,0.898,0.961,1.014,1.073,1.129,1.179,1.232,1.277,1.317,1.35,1.356,1.356,1.352,1.354,1.356,1.361,1.364,1.361,1.363,1.361,1.364,1.366,1.366,1.366,1.369,1.368,1.371,1.379,1.382,1.385,1.389,1.391,1.393,1.395,1.403,1.405,1.409,1.413,1.417,1.42,1.426,1.427,1.433,1.442,1.446,1.452,1.459,1.463,1.468,1.475,1.479,1.484,1.493,1.497,1.504,1.512,1.516,1.523,1.529,1.529,1.538,1.544,1.55,1.557,1.561,1.567,1.569,1.576,1.581,1.586,1.592,1.596,1.601,1.607,1.611,1.617,1.622,1.626,1.631,1.636,1.642,1.645,1.65,1.655,1.659,1.664,1.669,1.671,1.676,1.68,1.682,1.687,1.69,1.691,1.696,1.699,1.703,1.705,1.71,1.711,1.715,1.718,1.721,1.723,1.726,1.727,1.729,1.732,1.735,1.737,1.74,1.743,1.744,1.745,1.748,1.75,1.751,1.753,1.754,1.756,1.758,1.757,1.759,1.76,1.762,1.763,1.765,1.765,1.767,1.767,1.768,1.77,1.771,1.771,1.773,1.772,1.773,1.776,C12,1/1
0.452,0.335,0.322,0.314,0.307,0.331,0.489,0.616,0.689,0.744,0.799,0.861,0.92,0.981,1.029,1.086,1.139,1.177,1.221,1.264,1.302,1.331,1.352,1.382,1.387,1.385,1.383,1.385,1.385,1.382,1.387,1.387,1.389,1.388,1.39,1.383,1.389,1.386,1.391,1.393,1.393,1.394,1.404,1.409,1.413,1.417,1.418,1.423,1.431,1.431,1.435,1.442,1.444,1.451,1.46,1.461,1.467,1.476,1.48,1.482,1.483,1.492,1.492,1.493,1.499,1.504,1.506,1.513,1.514,1.515,1.517,1.52,1.521,1.526,1.529,1.53,1.533,1.535,1.536,1.541,1.543,1.546,1.547,1.549,1.551,1.554,1.558,1.56,1.563,1.567,1.569,1.572,1.573,1.577,1.579,1.582,1.584,1.587,1.589,1.591,1.595,1.597,1.6,1.602,1.603,1.603,1.607,1.608,1.612,1.614,1.616,1.617,1.617,1.621,1.622,1.624,1.626,1.628,1.629,1.629,1.631,1.631,1.633,1.635,1.636,1.638,1.64,1.642,1.64,1.643,1.643,1.645,1.645,1.648,1.647,1.648,1.649,1.651,1.651,1.685,1.692,1.703,1.714,1.724,1.726,1.727,1.728,1.73,1.73,1.732,1.731,D1,1/1
0.434,0.325,0.322,0.316,0.312,0.338,0.459,0.592,0.663,0.71,0.764,0.826,0.882,0.942,0.999,1.053,1.097,1.144,1.187,1.231,1.269,1.298,1.325,1.36,1.375,1.375,1.373,1.373,1.375,1.372,1.376,1.376,1.378,1.377,1.377,1.375,1.377,1.377,1.378,1.382,1.382,1.385,1.392,1.394,1.398,1.404,1.405,1.41,1.418,1.418,1.423,1.431,1.432,1.438,1.445,1.448,1.454,1.462,1.466,1.469,1.472,1.479,1.481,1.482,1.486,1.494,1.493,1.5,1.502,1.504,1.506,1.509,1.511,1.514,1.516,1.518,1.523,1.525,1.525,1.528,1.531,1.534,1.536,1.539,1.539,1.543,1.546,1.548,1.552,1.554,1.556,1.559,1.56,1.563,1.566,1.567,1.569,1.571,1.573,1.575,1.577,1.579,1.582,1.584,1.585,1.586,1.588,1.589,1.59,1.595,1.596,1.598,1.598,1.601,1.603,1.602,1.605,1.607,1.608,1.608,1.61,1.61,1.612,1.612,1.613,1.616,1.616,1.638,1.661,1.661,1.663,1.681,1.695,1.698,1.698,1.7,1.702,1.703,1.705,1.706,1.707,1.706,1.709,1.711,1.711,1.713,1.714,1.713,1.716,1.716,1.717,D2,1/1
0.418,0.318,0.316,0.312,0.311,0.333,0.444,0.553,0.639,0.69,0.74,0.798,0.855,0.918,0.975,1.025,1.078,1.122,1.167,1.211,1.25,1.283,1.308,1.345,1.365,1.368,1.367,1.367,1.366,1.368,1.368,1.368,1.371,1.369,1.37,1.368,1.37,1.371,1.371,1.376,1.374,1.379,1.383,1.388,1.389,1.394,1.396,1.403,1.409,1.409,1.413,1.423,1.425,1.428,1.438,1.439,1.447,1.453,1.457,1.46,1.461,1.473,1.471,1.472,1.479,1.488,1.488,1.494,1.495,1.498,1.5,1.502,1.503,1.509,1.509,1.512,1.514,1.517,1.518,1.52,1.522,1.525,1.528,1.531,1.532,1.535,1.538,1.54,1.543,1.545,1.546,1.551,1.551,1.556,1.558,1.559,1.561,1.563,1.565,1.567,1.569,1.571,1.574,1.575,1.577,1.577,1.58,1.58,1.584,1.585,1.587,1.59,1.589,1.592,1.593,1.595,1.597,1.598,1.598,1.598,1.601,1.601,1.613,1.622,1.643,1.648,1.651,1.653,1.654,1.654,1.657,1.668,1.673,1.68,1.691,1.696,1.696,1.698,1.7,1.702,1.703,1.704,1.705,1.707,1.707,1.708,1.708,1.709,1.711,1.711,1.711,D3,1/1
0.418,0.254,0.246,0.24,0.237,0.251,0.317,0.36,0.403,0.464,0.512,0.568,0.636,0.728,0.793,0.851,0.917,0.974,1.03,1.088,1.137,1.182,1.229,1.268,1.311,1.346,1.376,1.397,1.407,1.404,1.403,1.406,1.405,1.405,1.405,1.407,1.407,1.408,1.407,1.41,1.412,1.413,1.415,1.419,1.42,1.424,1.428,1.434,1.44,1.445,1.45,1.457,1.463,1.47,1.476,1.483,1.489,1.494,1.501,1.507,1.51,1.516,1.519,1.524,1.527,1.533,1.533,1.539,1.543,1.548,1.549,1.552,1.557,1.56,1.563,1.567,1.572,1.574,1.576,1.58,1.582,1.586,1.589,1.593,1.595,1.598,1.602,1.604,1.609,1.61,1.613,1.617,1.618,1.622,1.625,1.625,1.628,1.631,1.633,1.636,1.639,1.641,1.642,1.643,1.647,1.649,1.651,1.652,1.654,1.656,1.657,1.661,1.659,1.664,1.664,1.667,1.668,1.671,1.671,1.673,1.674,1.675,1.677,1.677,1.679,1.68,1.682,1.682,1.684,1.686,1.694,1.695,1.696,1.697,1.699,1.7,1.701,1.702,1.702,1.703,1.703,1.706,1.705,1.707,1.705,1.71,1.71,1.709,1.711,1.712,1.711,D4,1/1
0.396,0.259,0.272,0.271,0.275,0.32,0.362,0.402,0.454,0.499,0.558,0.61,0.665,0.732,0.792,0.852,0.919,0.974,1.03,1.086,1.138,1.181,1.23,1.271,1.314,1.348,1.378,1.4,1.405,1.406,1.405,1.408,1.408,1.409,1.408,1.41,1.409,1.408,1.409,1.411,1.412,1.414,1.415,1.419,1.422,1.425,1.428,1.433,1.44,1.444,1.449,1.457,1.459,1.469,1.474,1.48,1.488,1.494,1.498,1.503,1.507,1.513,1.516,1.519,1.522,1.529,1.532,1.537,1.54,1.544,1.546,1.549,1.554,1.558,1.559,1.564,1.567,1.57,1.572,1.577,1.58,1.581,1.586,1.589,1.59,1.594,1.598,1.6,1.603,1.605,1.609,1.612,1.615,1.616,1.619,1.622,1.624,1.627,1.629,1.632,1.633,1.636,1.637,1.64,1.641,1.644,1.646,1.646,1.651,1.652,1.654,1.655,1.655,1.658,1.659,1.661,1.662,1.665,1.666,1.665,1.667,1.669,1.671,1.671,1.672,1.675,1.676,1.675,1.678,1.678,1.679,1.68,1.681,1.684,1.683,1.684,1.686,1.685,1.686,1.686,1.688,1.689,1.69,1.709,1.718,1.725,1.726,1.727,1.73,1.732,1.736,D5,1/1
0.386,0.265,0.287,0.29,0.298,0.325,0.355,0.394,0.441,0.493,0.544,0.592,0.648,0.709,0.771,0.828,0.898,0.95,1.006,1.066,1.118,1.162,1.209,1.254,1.297,1.332,1.364,1.392,1.4,1.402,1.402,1.402,1.403,1.403,1.404,1.404,1.403,1.404,1.403,1.408,1.408,1.408,1.409,1.414,1.416,1.419,1.42,1.429,1.433,1.437,1.444,1.45,1.454,1.463,1.467,1.474,1.481,1.488,1.494,1.498,1.503,1.509,1.513,1.515,1.519,1.526,1.528,1.532,1.536,1.541,1.543,1.547,1.551,1.554,1.557,1.56,1.564,1.568,1.57,1.573,1.576,1.579,1.582,1.586,1.588,1.592,1.594,1.598,1.6,1.603,1.605,1.609,1.61,1.614,1.617,1.618,1.62,1.623,1.624,1.628,1.63,1.633,1.633,1.635,1.638,1.639,1.642,1.643,1.645,1.648,1.649,1.651,1.652,1.655,1.656,1.658,1.659,1.662,1.663,1.663,1.665,1.666,1.669,1.669,1.669,1.672,1.673,1.674,1.675,1.675,1.676,1.677,1.677,1.68,1.679,1.681,1.682,1.683,1.683,1.693,1.698,1.7,1.715,1.725,1.73,1.737,1.74,1.742,1.744,1.744,1.744,D6,1/1
0.44,0.346,0.382,0.408,0.433,0.514,0.587,0.654,0.712,0.769,0.836,0.9,0.958,1.019,1.076,1.127,1.18,1.221,1.264,1.307,1.343,1.37,1.392,1.396,1.398,1.394,1.396,1.397,1.397,1.398,1.398,1.4,1.399,1.398,1.402,1.402,1.402,1.405,1.406,1.408,1.41,1.414,1.417,1.422,1.422,1.428,1.432,1.438,1.443,1.449,1.454,1.46,1.463,1.471,1.475,1.482,1.489,1.491,1.496,1.503,1.507,1.511,1.515,1.518,1.524,1.53,1.534,1.537,1.544,1.551,1.554,1.558,1.562,1.568,1.571,1.576,1.579,1.582,1.585,1.588,1.593,1.597,1.6,1.603,1.606,1.61,1.614,1.616,1.622,1.625,1.627,1.631,1.634,1.639,1.648,1.65,1.654,1.657,1.66,1.664,1.669,1.677,1.679,1.683,1.686,1.69,1.691,1.693,1.697,1.7,1.702,1.703,1.706,1.709,1.711,1.712,1.715,1.718,1.719,1.722,1.724,1.725,1.728,1.728,1.732,1.733,1.735,1.738,1.738,1.738,1.739,1.743,1.744,1.748,1.749,1.75,1.751,1.751,1.752,1.753,1.753,1.755,1.755,1.759,1.759,1.761,1.76,1.761,1.761,1.762,1.763,D7,1/1
0.454,0.337,0.358,0.376,0.396,0.477,0.556,0.624,0.696,0.757,0.822,0.888,0.947,1.008,1.065,1.116,1.171,1.215,1.258,1.3,1.339,1.369,1.39,1.397,1.4,1.398,1.399,1.4,1.398,1.402,1.402,1.403,1.403,1.403,1.405,1.405,1.406,1.408,1.411,1.415,1.417,1.421,1.425,1.431,1.433,1.437,1.443,1.45,1.456,1.463,1.468,1.474,1.479,1.486,1.492,1.497,1.505,1.508,1.514,1.52,1.523,1.53,1.534,1.536,1.542,1.55,1.554,1.558,1.562,1.568,1.571,1.574,1.58,1.584,1.586,1.592,1.595,1.599,1.603,1.606,1.61,1.613,1.618,1.624,1.628,1.633,1.638,1.641,1.648,1.651,1.654,1.658,1.66,1.664,1.666,1.67,1.672,1.676,1.682,1.686,1.689,1.695,1.696,1.699,1.704,1.708,1.709,1.712,1.718,1.719,1.722,1.724,1.726,1.73,1.731,1.733,1.736,1.739,1.741,1.742,1.744,1.746,1.746,1.749,1.75,1.754,1.754,1.754,1.756,1.757,1.757,1.759,1.758,1.759,1.761,1.761,1.763,1.762,1.763,1.765,1.763,1.765,1.765,1.766,1.766,1.769,1.769,1.769,1.769,1.769,1.771,D8,1/1
0.419,0.323,0.318,0.317,0.316,0.384,0.507,0.602,0.699,0.755,0.818,0.882,0.937,1.002,1.06,1.11,1.167,1.212,1.254,1.299,1.335,1.367,1.386,1.391,1.393,1.389,1.392,1.396,1.394,1.395,1.397,1.396,1.397,1.398,1.4,1.4,1.401,1.402,1.408,1.41,1.414,1.415,1.421,1.427,1.427,1.431,1.438,1.447,1.451,1.458,1.463,1.47,1.475,1.483,1.488,1.495,1.502,1.504,1.511,1.518,1.52,1.528,1.532,1.535,1.54,1.548,1.549,1.555,1.561,1.566,1.568,1.573,1.577,1.582,1.587,1.592,1.597,1.599,1.603,1.607,1.611,1.616,1.619,1.624,1.625,1.632,1.636,1.64,1.644,1.648,1.651,1.655,1.657,1.664,1.667,1.671,1.676,1.679,1.683,1.684,1.689,1.692,1.695,1.697,1.7,1.704,1.706,1.709,1.712,1.714,1.716,1.719,1.721,1.724,1.726,1.728,1.731,1.732,1.735,1.736,1.739,1.74,1.743,1.745,1.746,1.749,1.752,1.752,1.754,1.755,1.755,1.758,1.757,1.759,1.759,1.76,1.761,1.762,1.763,1.764,1.765,1.766,1.765,1.767,1.766,1.769,1.769,1.77,1.771,1.771,1.771,D9,1/1
0.362,0.278,0.272,0.269,0.27,0.308,0.392,0.457,0.567,0.67,0.73,0.796,0.859,0.929,0.988,1.048,1.109,1.148,1.2,1.249,1.293,1.325,1.361,1.37,1.378,1.374,1.375,1.378,1.376,1.378,1.377,1.38,1.381,1.379,1.381,1.385,1.384,1.388,1.388,1.393,1.395,1.397,1.399,1.406,1.406,1.411,1.416,1.424,1.429,1.435,1.441,1.447,1.453,1.462,1.466,1.473,1.48,1.482,1.49,1.499,1.503,1.508,1.512,1.515,1.519,1.527,1.529,1.533,1.54,1.547,1.55,1.554,1.56,1.563,1.569,1.575,1.579,1.584,1.588,1.592,1.597,1.601,1.607,1.611,1.613,1.618,1.625,1.626,1.631,1.635,1.637,1.643,1.645,1.649,1.654,1.656,1.659,1.664,1.668,1.669,1.673,1.678,1.683,1.687,1.689,1.699,1.702,1.703,1.709,1.711,1.717,1.719,1.721,1.725,1.727,1.73,1.731,1.734,1.736,1.738,1.74,1.741,1.743,1.745,1.746,1.75,1.752,1.752,1.754,1.755,1.757,1.758,1.758,1.761,1.761,1.762,1.763,1.763,1.764,1.765,1.764,1.766,1.765,1.767,1.766,1.769,1.77,1.768,1.77,1.769,1.767,D10,1/1
0.326,0.246,0.239,0.238,0.238,0.282,0.394,0.469,0.571,0.641,0.703,0.77,0.833,0.901,0.963,1.022,1.081,1.125,1.175,1.223,1.262,1.295,1.328,1.335,1.342,1.337,1.338,1.341,1.339,1.342,1.34,1.342,1.343,1.341,1.345,1.347,1.345,1.349,1.351,1.353,1.354,1.356,1.361,1.364,1.363,1.368,1.372,1.38,1.382,1.388,1.391,1.398,1.403,1.409,1.414,1.422,1.427,1.429,1.435,1.443,1.447,1.453,1.458,1.459,1.464,1.473,1.475,1.48,1.484,1.492,1.494,1.497,1.501,1.506,1.511,1.515,1.522,1.527,1.53,1.533,1.537,1.541,1.546,1.55,1.553,1.557,1.561,1.564,1.567,1.572,1.575,1.579,1.582,1.591,1.595,1.598,1.603,1.607,1.614,1.616,1.62,1.625,1.628,1.631,1.635,1.638,1.642,1.643,1.648,1.65,1.652,1.655,1.657,1.661,1.662,1.666,1.666,1.67,1.672,1.674,1.676,1.676,1.679,1.68,1.683,1.685,1.687,1.688,1.691,1.693,1.697,1.698,1.7,1.7,1.701,1.703,1.703,1.705,1.705,1.707,1.707,1.707,1.708,1.709,1.709,1.711,1.711,1.711,1.713,1.716,1.714,D11,1/1
0.351,0.269,0.258,0.254,0.251,0.28,0.357,0.424,0.542,0.675,0.743,0.809,0.884,0.949,1.013,1.071,1.132,1.182,1.235,1.282,1.325,1.359,1.384,1.388,1.392,1.389,1.391,1.395,1.391,1.392,1.395,1.394,1.394,1.395,1.398,1.4,1.399,1.402,1.403,1.408,1.411,1.411,1.415,1.421,1.42,1.425,1.429,1.437,1.442,1.448,1.455,1.459,1.464,1.471,1.477,1.483,1.49,1.493,1.501,1.508,1.51,1.518,1.522,1.525,1.53,1.537,1.54,1.545,1.551,1.556,1.558,1.564,1.567,1.572,1.577,1.584,1.588,1.591,1.597,1.599,1.605,1.61,1.615,1.62,1.624,1.629,1.634,1.637,1.642,1.647,1.651,1.656,1.66,1.663,1.67,1.673,1.677,1.679,1.683,1.687,1.69,1.694,1.697,1.7,1.704,1.707,1.709,1.712,1.715,1.717,1.721,1.725,1.725,1.729,1.731,1.734,1.737,1.741,1.741,1.743,1.745,1.748,1.75,1.752,1.753,1.756,1.758,1.759,1.76,1.761,1.763,1.764,1.765,1.767,1.766,1.768,1.769,1.769,1.771,1.772,1.772,1.773,1.773,1.774,1.774,1.777,1.776,1.777,1.777,1.777,1.779,D12,1/1
0.374,0.233,0.236,0.237,0.226,0.235,0.238,0.243,0.243,0.255,0.258,0.261,0.265,0.329,0.392,0.429,0.456,0.479,0.498,0.523,0.573,0.632,0.663,0.706,0.753,0.791,0.828,0.858,0.899,0.936,0.963,1,1.036,1.065,1.099,1.14,1.17,1.247,1.269,1.314,1.315,1.315,1.31,1.31,1.305,1.304,1.3,1.303,1.301,1.3,1.297,1.294,1.295,1.297,1.297,1.295,1.299,1.297,1.296,1.303,1.306,1.308,1.312,1.313,1.316,1.318,1.323,1.329,1.331,1.338,1.344,1.349,1.359,1.383,1.389,1.399,1.4,1.407,1.412,1.416,1.422,1.428,1.431,1.435,1.439,1.443,1.448,1.452,1.458,1.461,1.463,1.47,1.472,1.477,1.502,1.507,1.51,1.511,1.517,1.525,1.557,1.571,1.575,1.58,1.581,1.584,1.588,1.593,1.595,1.603,1.606,1.611,1.612,1.616,1.62,1.623,1.627,1.629,1.634,1.636,1.639,1.648,1.652,1.654,1.659,1.665,1.667,1.672,1.676,1.699,1.701,1.705,1.705,1.709,1.713,1.715,1.715,1.719,1.72,1.721,1.724,1.725,1.728,1.732,1.735,1.735,1.737,1.739,1.745,1.744,1.746,E1,1/1
0.394,0.243,0.283,0.291,0.288,0.304,0.318,0.332,0.343,0.357,0.369,0.38,0.387,0.402,0.418,0.433,0.46,0.475,0.491,0.512,0.54,0.575,0.595,0.626,0.649,0.67,0.687,0.709,0.733,0.766,0.796,0.887,1.038,1.075,1.119,1.148,1.172,1.199,1.225,1.242,1.24,1.235,1.229,1.23,1.223,1.218,1.217,1.234,1.243,1.243,1.242,1.239,1.239,1.24,1.239,1.236,1.237,1.235,1.237,1.239,1.24,1.243,1.245,1.245,1.248,1.257,1.287,1.356,1.356,1.363,1.363,1.369,1.375,1.378,1.383,1.387,1.39,1.395,1.399,1.402,1.427,1.432,1.436,1.439,1.441,1.445,1.45,1.45,1.456,1.491,1.495,1.499,1.503,1.504,1.519,1.519,1.52,1.521,1.525,1.53,1.532,1.537,1.539,1.542,1.55,1.553,1.553,1.555,1.56,1.567,1.569,1.573,1.574,1.585,1.586,1.598,1.608,1.612,1.634,1.646,1.651,1.652,1.657,1.659,1.661,1.665,1.667,1.67,1.673,1.675,1.676,1.676,1.678,1.681,1.683,1.686,1.687,1.688,1.69,1.69,1.692,1.692,1.694,1.698,1.698,1.699,1.7,1.701,1.707,1.706,1.707,E2,1/1
0.372,0.219,0.221,0.219,0.207,0.212,0.211,0.216,0.216,0.22,0.22,0.222,0.22,0.222,0.229,0.236,0.256,0.315,0.329,0.346,0.404,0.523,0.568,0.636,0.681,0.716,0.753,0.776,0.805,0.853,0.886,0.929,0.971,1.003,1.07,1.102,1.133,1.166,1.204,1.233,1.292,1.297,1.294,1.295,1.293,1.292,1.29,1.288,1.286,1.285,1.284,1.282,1.283,1.284,1.282,1.284,1.283,1.284,1.284,1.291,1.29,1.293,1.296,1.297,1.301,1.305,1.309,1.313,1.316,1.328,1.331,1.336,1.344,1.346,1.35,1.356,1.36,1.366,1.371,1.38,1.42,1.456,1.466,1.471,1.476,1.482,1.487,1.49,1.496,1.501,1.503,1.507,1.512,1.518,1.522,1.526,1.531,1.556,1.559,1.564,1.568,1.578,1.583,1.587,1.594,1.599,1.603,1.606,1.611,1.614,1.618,1.622,1.623,1.629,1.631,1.636,1.642,1.647,1.651,1.655,1.657,1.661,1.663,1.667,1.669,1.673,1.674,1.678,1.681,1.682,1.687,1.699,1.7,1.704,1.706,1.71,1.711,1.717,1.72,1.721,1.724,1.724,1.727,1.73,1.73,1.733,1.734,1.739,1.741,1.741,1.744,E3,1/1
0.362,0.265,0.231,0.215,0.2,0.197,0.194,0.194,0.197,0.204,0.207,0.212,0.221,0.236,0.247,0.255,0.267,0.274,0.283,0.293,0.312,0.398,0.512,0.756,0.832,0.887,0.935,0.983,1.025,1.067,1.101,1.136,1.17,1.198,1.228,1.258,1.284,1.308,1.32,1.321,1.321,1.32,1.317,1.318,1.317,1.321,1.322,1.32,1.323,1.323,1.326,1.325,1.327,1.33,1.331,1.333,1.336,1.337,1.338,1.343,1.348,1.349,1.354,1.358,1.358,1.362,1.365,1.368,1.371,1.378,1.379,1.383,1.39,1.393,1.396,1.402,1.403,1.41,1.412,1.418,1.42,1.426,1.429,1.434,1.437,1.441,1.446,1.45,1.455,1.458,1.461,1.467,1.469,1.474,1.478,1.482,1.485,1.489,1.493,1.497,1.501,1.504,1.506,1.509,1.513,1.516,1.52,1.522,1.524,1.529,1.531,1.534,1.536,1.539,1.541,1.544,1.547,1.55,1.552,1.553,1.557,1.558,1.56,1.562,1.564,1.565,1.567,1.569,1.57,1.571,1.573,1.574,1.577,1.577,1.579,1.582,1.581,1.583,1.584,1.585,1.586,1.588,1.588,1.59,1.59,1.592,1.593,1.594,1.594,1.597,1.596,E4,1/1
0.39,0.269,0.236,0.219,0.203,0.2,0.197,0.199,0.2,0.205,0.205,0.207,0.209,0.221,0.241,0.259,0.282,0.3,0.312,0.324,0.49,0.745,0.804,0.855,0.893,0.93,0.968,1.006,1.056,1.108,1.146,1.18,1.214,1.241,1.269,1.297,1.317,1.328,1.328,1.326,1.325,1.326,1.326,1.327,1.327,1.329,1.329,1.329,1.33,1.334,1.334,1.334,1.336,1.341,1.341,1.345,1.347,1.348,1.35,1.357,1.357,1.362,1.365,1.368,1.372,1.376,1.378,1.381,1.384,1.392,1.392,1.397,1.404,1.407,1.411,1.413,1.418,1.422,1.424,1.428,1.433,1.437,1.442,1.444,1.446,1.453,1.458,1.461,1.466,1.469,1.473,1.477,1.48,1.484,1.487,1.491,1.495,1.497,1.501,1.504,1.508,1.511,1.514,1.518,1.521,1.525,1.527,1.529,1.532,1.535,1.539,1.54,1.542,1.545,1.548,1.551,1.552,1.555,1.557,1.558,1.559,1.563,1.566,1.566,1.568,1.569,1.572,1.573,1.575,1.575,1.577,1.579,1.58,1.583,1.581,1.583,1.585,1.585,1.587,1.588,1.59,1.59,1.593,1.592,1.592,1.595,1.596,1.596,1.598,1.599,1.599,E5,1/1
0.345,0.251,0.222,0.207,0.193,0.191,0.188,0.19,0.191,0.194,0.193,0.195,0.195,0.197,0.204,0.213,0.25,0.28,0.29,0.304,0.345,0.672,0.751,0.799,0.841,0.875,0.912,0.939,0.992,1.05,1.092,1.141,1.177,1.204,1.233,1.264,1.29,1.311,1.319,1.317,1.316,1.317,1.316,1.319,1.317,1.318,1.319,1.318,1.32,1.322,1.323,1.325,1.324,1.329,1.329,1.332,1.335,1.336,1.338,1.344,1.344,1.35,1.352,1.356,1.357,1.361,1.364,1.368,1.37,1.377,1.378,1.382,1.39,1.391,1.395,1.399,1.401,1.406,1.41,1.415,1.417,1.422,1.427,1.43,1.433,1.439,1.442,1.446,1.45,1.455,1.459,1.462,1.464,1.47,1.475,1.477,1.482,1.484,1.487,1.491,1.495,1.498,1.502,1.504,1.509,1.51,1.515,1.517,1.52,1.523,1.527,1.528,1.531,1.533,1.537,1.538,1.541,1.543,1.546,1.548,1.55,1.552,1.554,1.555,1.557,1.559,1.562,1.564,1.565,1.565,1.567,1.569,1.571,1.572,1.572,1.575,1.575,1.577,1.578,1.579,1.581,1.581,1.582,1.583,1.585,1.585,1.587,1.587,1.588,1.589,1.589,E6,1/1
0.369,0.286,0.256,0.243,0.229,0.226,0.225,0.227,0.228,0.231,0.227,0.226,0.225,0.224,0.227,0.23,0.233,0.237,0.244,0.255,0.292,0.344,0.577,0.796,0.848,0.903,0.95,1,1.047,1.091,1.123,1.161,1.197,1.226,1.254,1.287,1.305,1.308,1.307,1.307,1.306,1.308,1.305,1.308,1.306,1.309,1.31,1.309,1.313,1.315,1.317,1.317,1.321,1.325,1.325,1.329,1.333,1.333,1.335,1.342,1.345,1.348,1.355,1.359,1.36,1.363,1.368,1.371,1.374,1.381,1.383,1.387,1.398,1.398,1.403,1.409,1.41,1.417,1.42,1.425,1.429,1.434,1.438,1.442,1.447,1.451,1.456,1.46,1.465,1.468,1.472,1.476,1.48,1.485,1.489,1.492,1.496,1.499,1.503,1.508,1.51,1.515,1.519,1.521,1.525,1.527,1.531,1.534,1.536,1.539,1.542,1.544,1.547,1.548,1.552,1.553,1.556,1.559,1.56,1.562,1.564,1.565,1.566,1.568,1.571,1.573,1.575,1.576,1.578,1.578,1.58,1.581,1.581,1.584,1.585,1.586,1.586,1.587,1.59,1.59,1.59,1.591,1.591,1.594,1.594,1.594,1.594,1.596,1.597,1.598,1.597,E7,1/1
0.376,0.293,0.265,0.251,0.237,0.233,0.234,0.236,0.238,0.242,0.237,0.237,0.235,0.235,0.237,0.24,0.246,0.253,0.264,0.284,0.32,0.386,0.456,0.796,0.857,0.903,0.969,1.007,1.054,1.094,1.129,1.165,1.201,1.23,1.258,1.288,1.307,1.308,1.309,1.309,1.308,1.308,1.308,1.31,1.308,1.312,1.313,1.311,1.314,1.315,1.32,1.319,1.322,1.326,1.328,1.33,1.335,1.336,1.337,1.346,1.347,1.352,1.356,1.36,1.362,1.367,1.371,1.374,1.377,1.385,1.388,1.393,1.401,1.402,1.408,1.411,1.414,1.42,1.424,1.428,1.433,1.438,1.441,1.445,1.449,1.455,1.46,1.463,1.469,1.473,1.476,1.48,1.484,1.49,1.493,1.497,1.499,1.503,1.508,1.511,1.516,1.52,1.523,1.525,1.529,1.531,1.534,1.537,1.54,1.543,1.547,1.548,1.551,1.554,1.556,1.557,1.559,1.562,1.564,1.566,1.567,1.569,1.571,1.572,1.573,1.577,1.577,1.579,1.58,1.58,1.583,1.583,1.584,1.585,1.585,1.588,1.589,1.589,1.59,1.591,1.591,1.591,1.593,1.594,1.594,1.596,1.595,1.598,1.598,1.597,1.599,E8,1/1
0.355,0.258,0.229,0.217,0.203,0.201,0.199,0.2,0.199,0.201,0.198,0.197,0.195,0.195,0.198,0.201,0.203,0.204,0.21,0.217,0.283,0.406,0.568,0.785,0.858,0.913,0.956,0.992,1.049,1.088,1.132,1.168,1.207,1.236,1.266,1.293,1.303,1.304,1.303,1.303,1.303,1.305,1.303,1.306,1.305,1.308,1.31,1.307,1.311,1.311,1.316,1.317,1.318,1.322,1.323,1.327,1.332,1.334,1.336,1.342,1.344,1.349,1.353,1.357,1.359,1.365,1.368,1.373,1.375,1.384,1.385,1.39,1.399,1.401,1.406,1.411,1.412,1.416,1.423,1.427,1.431,1.436,1.44,1.445,1.447,1.452,1.457,1.46,1.467,1.47,1.475,1.478,1.482,1.489,1.492,1.494,1.499,1.502,1.506,1.51,1.513,1.517,1.522,1.524,1.526,1.53,1.533,1.535,1.538,1.541,1.546,1.547,1.549,1.551,1.554,1.557,1.559,1.561,1.563,1.563,1.566,1.567,1.57,1.571,1.573,1.574,1.576,1.578,1.58,1.581,1.58,1.583,1.583,1.584,1.585,1.587,1.587,1.588,1.589,1.589,1.59,1.592,1.592,1.593,1.592,1.594,1.595,1.594,1.597,1.595,1.597,E9,1/1
0.365,0.267,0.233,0.213,0.196,0.19,0.186,0.186,0.187,0.193,0.19,0.192,0.193,0.197,0.201,0.205,0.211,0.217,0.227,0.246,0.286,0.335,0.481,0.832,0.916,0.973,1.021,1.07,1.108,1.15,1.186,1.222,1.257,1.284,1.306,1.311,1.307,1.307,1.308,1.309,1.307,1.311,1.309,1.313,1.312,1.316,1.318,1.317,1.323,1.323,1.328,1.328,1.332,1.338,1.339,1.344,1.349,1.351,1.354,1.363,1.365,1.371,1.376,1.381,1.384,1.391,1.393,1.399,1.402,1.411,1.412,1.417,1.429,1.428,1.436,1.44,1.441,1.446,1.452,1.456,1.461,1.466,1.471,1.474,1.477,1.483,1.488,1.491,1.496,1.5,1.503,1.508,1.512,1.516,1.52,1.523,1.526,1.53,1.533,1.538,1.54,1.543,1.547,1.55,1.552,1.554,1.557,1.56,1.563,1.566,1.569,1.571,1.572,1.575,1.578,1.58,1.582,1.584,1.585,1.587,1.587,1.589,1.591,1.593,1.594,1.596,1.597,1.599,1.6,1.601,1.602,1.602,1.602,1.604,1.604,1.605,1.606,1.608,1.609,1.609,1.61,1.611,1.611,1.613,1.611,1.613,1.613,1.614,1.614,1.615,1.615,E10,1/1
0.355,0.238,0.207,0.19,0.175,0.169,0.168,0.17,0.177,0.187,0.185,0.186,0.19,0.196,0.202,0.21,0.222,0.236,0.252,0.273,0.346,0.732,0.815,0.868,0.908,0.958,1,1.035,1.08,1.131,1.163,1.204,1.237,1.263,1.275,1.28,1.277,1.277,1.278,1.278,1.281,1.28,1.28,1.282,1.283,1.284,1.288,1.287,1.291,1.293,1.295,1.297,1.301,1.304,1.308,1.312,1.316,1.316,1.321,1.327,1.331,1.335,1.342,1.345,1.349,1.355,1.358,1.363,1.367,1.373,1.375,1.38,1.388,1.39,1.395,1.399,1.402,1.408,1.413,1.417,1.422,1.425,1.429,1.434,1.438,1.443,1.446,1.452,1.455,1.459,1.463,1.466,1.472,1.473,1.478,1.481,1.485,1.488,1.492,1.495,1.498,1.502,1.505,1.507,1.51,1.513,1.516,1.519,1.522,1.524,1.527,1.529,1.53,1.533,1.536,1.539,1.54,1.542,1.544,1.546,1.548,1.548,1.551,1.552,1.553,1.555,1.557,1.559,1.559,1.559,1.562,1.562,1.563,1.563,1.565,1.565,1.565,1.567,1.568,1.57,1.571,1.57,1.571,1.573,1.573,1.573,1.573,1.574,1.576,1.577,1.576,E11,1/1
0.374,0.262,0.229,0.207,0.193,0.185,0.182,0.183,0.184,0.186,0.182,0.182,0.182,0.185,0.187,0.193,0.198,0.206,0.218,0.238,0.322,0.646,0.83,0.9,0.948,1.002,1.058,1.104,1.15,1.192,1.225,1.262,1.296,1.322,1.327,1.329,1.328,1.328,1.329,1.331,1.33,1.332,1.333,1.335,1.336,1.338,1.34,1.34,1.344,1.347,1.351,1.351,1.354,1.358,1.362,1.369,1.373,1.374,1.377,1.385,1.39,1.394,1.4,1.404,1.408,1.413,1.418,1.422,1.426,1.433,1.435,1.44,1.448,1.45,1.455,1.462,1.464,1.47,1.475,1.479,1.483,1.488,1.493,1.498,1.501,1.506,1.509,1.514,1.518,1.523,1.526,1.53,1.535,1.538,1.543,1.545,1.549,1.553,1.556,1.56,1.562,1.566,1.57,1.572,1.575,1.578,1.58,1.583,1.584,1.588,1.591,1.593,1.594,1.596,1.6,1.601,1.604,1.605,1.606,1.607,1.61,1.611,1.614,1.614,1.617,1.617,1.619,1.621,1.621,1.622,1.623,1.624,1.626,1.627,1.627,1.628,1.63,1.631,1.631,1.633,1.632,1.633,1.633,1.634,1.634,1.635,1.635,1.636,1.636,1.636,1.638,E12,1/1
0.339,0.227,0.227,0.222,0.215,0.213,0.22,0.23,0.241,0.262,0.267,0.269,0.283,0.403,0.477,0.539,0.614,0.68,0.727,0.766,0.815,0.87,0.921,0.962,1.004,1.047,1.092,1.127,1.182,1.239,1.297,1.326,1.33,1.33,1.328,1.329,1.327,1.325,1.323,1.321,1.323,1.322,1.32,1.322,1.322,1.322,1.322,1.324,1.323,1.325,1.326,1.327,1.33,1.333,1.335,1.339,1.34,1.343,1.345,1.35,1.356,1.356,1.363,1.365,1.367,1.37,1.375,1.38,1.381,1.387,1.389,1.393,1.396,1.398,1.402,1.406,1.408,1.422,1.427,1.43,1.449,1.47,1.478,1.484,1.487,1.491,1.494,1.499,1.503,1.506,1.509,1.514,1.517,1.521,1.581,1.582,1.587,1.591,1.594,1.602,1.605,1.608,1.61,1.614,1.618,1.62,1.626,1.625,1.63,1.632,1.636,1.638,1.639,1.642,1.647,1.646,1.65,1.652,1.656,1.656,1.66,1.661,1.663,1.663,1.666,1.669,1.671,1.673,1.674,1.675,1.677,1.679,1.679,1.687,1.695,1.699,1.705,1.708,1.71,1.712,1.713,1.714,1.717,1.717,1.719,1.72,1.721,1.723,1.722,1.724,1.725,F1,1/1
0.375,0.237,0.256,0.252,0.246,0.248,0.288,0.321,0.339,0.367,0.383,0.395,0.425,0.467,0.496,0.554,0.605,0.67,0.709,0.748,0.806,0.88,0.927,0.973,1.013,1.052,1.11,1.152,1.196,1.237,1.268,1.284,1.29,1.284,1.278,1.277,1.274,1.273,1.271,1.267,1.267,1.286,1.296,1.308,1.309,1.309,1.309,1.31,1.31,1.308,1.312,1.314,1.315,1.318,1.319,1.321,1.347,1.367,1.39,1.393,1.395,1.397,1.399,1.401,1.403,1.407,1.409,1.413,1.415,1.417,1.419,1.422,1.422,1.425,1.427,1.428,1.432,1.435,1.438,1.441,1.446,1.449,1.451,1.457,1.457,1.46,1.466,1.468,1.472,1.475,1.48,1.485,1.49,1.509,1.512,1.514,1.517,1.521,1.529,1.537,1.54,1.544,1.546,1.549,1.586,1.596,1.597,1.598,1.602,1.607,1.609,1.61,1.613,1.615,1.617,1.618,1.621,1.623,1.625,1.625,1.628,1.629,1.631,1.631,1.634,1.636,1.637,1.637,1.641,1.641,1.643,1.671,1.674,1.689,1.7,1.702,1.705,1.704,1.706,1.706,1.707,1.707,1.709,1.715,1.713,1.715,1.717,1.716,1.716,1.717,1.718,F2,1/1
0.365,0.226,0.231,0.225,0.217,0.216,0.223,0.238,0.258,0.3,0.304,0.305,0.323,0.363,0.393,0.46,0.528,0.624,0.683,0.72,0.785,0.84,0.883,0.933,0.98,1.019,1.066,1.103,1.154,1.194,1.231,1.262,1.303,1.314,1.319,1.317,1.316,1.314,1.313,1.311,1.31,1.305,1.303,1.305,1.307,1.305,1.306,1.308,1.308,1.308,1.31,1.312,1.316,1.318,1.319,1.324,1.324,1.327,1.331,1.336,1.338,1.34,1.345,1.349,1.351,1.356,1.359,1.363,1.366,1.397,1.401,1.407,1.406,1.411,1.417,1.418,1.42,1.424,1.429,1.431,1.452,1.469,1.498,1.505,1.508,1.511,1.516,1.518,1.522,1.524,1.527,1.533,1.535,1.538,1.542,1.544,1.544,1.55,1.552,1.556,1.557,1.561,1.565,1.566,1.574,1.576,1.579,1.58,1.583,1.589,1.592,1.594,1.596,1.599,1.602,1.649,1.652,1.655,1.657,1.66,1.661,1.664,1.666,1.667,1.671,1.674,1.675,1.677,1.679,1.68,1.681,1.682,1.682,1.684,1.686,1.687,1.688,1.69,1.691,1.691,1.691,1.691,1.694,1.717,1.726,1.741,1.74,1.743,1.743,1.745,1.746,F3,1/1
0.373,0.284,0.253,0.235,0.224,0.215,0.214,0.218,0.225,0.236,0.239,0.239,0.254,0.273,0.296,0.328,0.375,0.462,0.61,0.774,0.859,0.907,0.951,0.995,1.04,1.081,1.125,1.157,1.196,1.23,1.259,1.292,1.32,1.341,1.345,1.347,1.347,1.349,1.348,1.349,1.351,1.349,1.347,1.351,1.35,1.355,1.357,1.358,1.36,1.362,1.367,1.368,1.371,1.376,1.377,1.384,1.386,1.388,1.394,1.399,1.406,1.407,1.414,1.421,1.422,1.428,1.432,1.437,1.442,1.45,1.453,1.458,1.465,1.466,1.474,1.477,1.481,1.486,1.491,1.495,1.499,1.503,1.506,1.511,1.514,1.519,1.522,1.525,1.53,1.532,1.535,1.538,1.541,1.545,1.548,1.549,1.552,1.556,1.555,1.559,1.562,1.564,1.565,1.567,1.569,1.572,1.572,1.575,1.575,1.578,1.578,1.58,1.582,1.583,1.584,1.584,1.586,1.587,1.589,1.59,1.59,1.592,1.591,1.594,1.594,1.595,1.597,1.597,1.598,1.599,1.599,1.601,1.602,1.601,1.602,1.603,1.604,1.604,1.605,1.606,1.607,1.608,1.609,1.609,1.61,1.611,1.612,1.612,1.612,1.613,1.612,F4,1/1
0.382,0.297,0.262,0.245,0.234,0.223,0.222,0.223,0.225,0.232,0.232,0.23,0.237,0.26,0.278,0.298,0.312,0.329,0.329,0.336,0.492,0.926,0.977,1.028,1.071,1.112,1.155,1.189,1.222,1.259,1.29,1.318,1.342,1.351,1.35,1.349,1.35,1.352,1.352,1.353,1.353,1.352,1.354,1.357,1.358,1.36,1.363,1.365,1.367,1.371,1.373,1.377,1.38,1.386,1.387,1.394,1.398,1.4,1.407,1.414,1.418,1.421,1.426,1.43,1.436,1.442,1.446,1.45,1.455,1.462,1.466,1.471,1.474,1.477,1.483,1.485,1.491,1.495,1.497,1.502,1.506,1.51,1.512,1.515,1.517,1.521,1.524,1.527,1.531,1.532,1.537,1.54,1.541,1.544,1.546,1.549,1.55,1.553,1.555,1.556,1.559,1.559,1.562,1.564,1.564,1.567,1.568,1.568,1.57,1.573,1.574,1.574,1.576,1.576,1.578,1.579,1.58,1.582,1.582,1.582,1.583,1.584,1.586,1.585,1.587,1.587,1.589,1.588,1.591,1.59,1.591,1.592,1.593,1.594,1.592,1.594,1.595,1.595,1.596,1.596,1.596,1.597,1.599,1.599,1.599,1.6,1.601,1.602,1.601,1.603,1.604,F5,1/1
0.355,0.273,0.242,0.227,0.215,0.207,0.207,0.21,0.214,0.224,0.224,0.223,0.229,0.235,0.24,0.256,0.302,0.336,0.344,0.377,0.786,0.878,0.921,0.971,1.016,1.056,1.099,1.135,1.176,1.211,1.248,1.274,1.308,1.333,1.341,1.34,1.343,1.344,1.345,1.344,1.344,1.346,1.347,1.349,1.351,1.351,1.354,1.357,1.358,1.361,1.363,1.369,1.37,1.374,1.377,1.382,1.385,1.39,1.395,1.4,1.404,1.41,1.413,1.419,1.425,1.43,1.436,1.44,1.444,1.45,1.454,1.46,1.463,1.466,1.473,1.476,1.48,1.486,1.489,1.493,1.496,1.501,1.504,1.508,1.511,1.507,1.51,1.522,1.517,1.526,1.53,1.516,1.535,1.53,1.541,1.543,1.525,1.548,1.529,1.548,1.554,1.555,1.557,1.559,1.561,1.547,1.566,1.565,1.566,1.569,1.57,1.571,1.572,1.574,1.575,1.576,1.576,1.578,1.579,1.58,1.579,1.581,1.583,1.582,1.584,1.584,1.586,1.587,1.588,1.587,1.589,1.59,1.59,1.591,1.589,1.592,1.593,1.593,1.593,1.595,1.594,1.595,1.596,1.596,1.597,1.598,1.599,1.599,1.599,1.599,1.6,F6,1/1
0.37,0.308,0.279,0.264,0.253,0.244,0.244,0.247,0.251,0.258,0.255,0.252,0.255,0.257,0.255,0.26,0.272,0.295,0.304,0.316,0.407,0.888,0.947,0.992,1.036,1.078,1.121,1.154,1.192,1.228,1.257,1.29,1.315,1.324,1.322,1.325,1.328,1.33,1.33,1.33,1.332,1.332,1.33,1.333,1.335,1.339,1.341,1.343,1.346,1.349,1.353,1.358,1.359,1.366,1.365,1.374,1.377,1.38,1.386,1.391,1.4,1.401,1.409,1.415,1.416,1.422,1.427,1.431,1.435,1.444,1.447,1.452,1.46,1.459,1.466,1.471,1.473,1.479,1.482,1.487,1.492,1.495,1.498,1.501,1.505,1.509,1.513,1.516,1.519,1.523,1.525,1.527,1.531,1.533,1.535,1.537,1.541,1.542,1.544,1.547,1.549,1.551,1.553,1.555,1.556,1.558,1.558,1.56,1.562,1.565,1.565,1.566,1.567,1.569,1.571,1.571,1.574,1.573,1.575,1.576,1.577,1.578,1.579,1.579,1.58,1.582,1.582,1.583,1.584,1.584,1.585,1.586,1.586,1.588,1.588,1.589,1.59,1.589,1.591,1.591,1.591,1.592,1.591,1.593,1.593,1.595,1.594,1.595,1.595,1.597,1.597,F7,1/1
0.377,0.29,0.26,0.246,0.236,0.227,0.228,0.231,0.235,0.242,0.239,0.235,0.238,0.238,0.236,0.237,0.236,0.249,0.268,0.281,0.503,0.894,0.948,0.993,1.039,1.079,1.12,1.153,1.193,1.229,1.257,1.29,1.314,1.323,1.322,1.326,1.327,1.327,1.328,1.328,1.331,1.33,1.329,1.33,1.334,1.336,1.338,1.34,1.344,1.347,1.351,1.354,1.356,1.362,1.365,1.372,1.376,1.378,1.383,1.389,1.397,1.398,1.406,1.411,1.415,1.42,1.425,1.43,1.433,1.442,1.444,1.449,1.457,1.457,1.465,1.468,1.471,1.475,1.48,1.484,1.489,1.49,1.494,1.498,1.501,1.507,1.509,1.513,1.516,1.518,1.521,1.526,1.527,1.531,1.532,1.534,1.536,1.539,1.541,1.543,1.546,1.547,1.55,1.551,1.553,1.554,1.555,1.556,1.559,1.56,1.562,1.562,1.564,1.565,1.568,1.568,1.57,1.57,1.572,1.573,1.573,1.574,1.574,1.576,1.576,1.579,1.579,1.579,1.58,1.58,1.582,1.583,1.582,1.584,1.584,1.585,1.586,1.585,1.585,1.587,1.587,1.587,1.588,1.588,1.59,1.59,1.59,1.59,1.591,1.591,1.592,F8,1/1
0.344,0.27,0.239,0.223,0.213,0.204,0.204,0.206,0.208,0.213,0.21,0.207,0.209,0.21,0.208,0.208,0.207,0.208,0.206,0.208,0.298,0.842,0.919,0.972,1.011,1.055,1.098,1.129,1.174,1.21,1.241,1.272,1.299,1.316,1.313,1.316,1.318,1.317,1.318,1.319,1.319,1.319,1.32,1.322,1.324,1.326,1.33,1.33,1.334,1.334,1.341,1.343,1.346,1.352,1.353,1.362,1.364,1.368,1.373,1.38,1.386,1.389,1.396,1.401,1.404,1.41,1.415,1.42,1.424,1.431,1.434,1.441,1.447,1.448,1.456,1.459,1.461,1.467,1.469,1.476,1.479,1.482,1.487,1.491,1.493,1.497,1.5,1.505,1.509,1.51,1.513,1.517,1.52,1.523,1.525,1.526,1.529,1.532,1.533,1.536,1.54,1.541,1.543,1.545,1.546,1.548,1.55,1.552,1.551,1.554,1.556,1.556,1.557,1.559,1.561,1.562,1.563,1.566,1.566,1.565,1.568,1.569,1.569,1.57,1.571,1.572,1.573,1.575,1.575,1.576,1.576,1.578,1.577,1.579,1.578,1.579,1.581,1.58,1.58,1.581,1.582,1.583,1.583,1.583,1.585,1.585,1.585,1.586,1.586,1.586,1.587,F9,1/1
0.374,0.3,0.263,0.245,0.232,0.22,0.219,0.223,0.227,0.237,0.237,0.235,0.238,0.242,0.241,0.245,0.289,0.327,0.35,0.38,0.595,0.974,1.022,1.067,1.112,1.153,1.195,1.227,1.261,1.293,1.316,1.329,1.33,1.329,1.329,1.331,1.333,1.334,1.335,1.334,1.336,1.336,1.336,1.34,1.344,1.347,1.348,1.353,1.359,1.36,1.366,1.371,1.376,1.382,1.383,1.391,1.396,1.399,1.406,1.412,1.418,1.422,1.428,1.434,1.437,1.441,1.447,1.45,1.456,1.461,1.464,1.47,1.476,1.476,1.484,1.486,1.489,1.493,1.496,1.502,1.504,1.508,1.51,1.514,1.516,1.52,1.523,1.526,1.53,1.532,1.534,1.538,1.539,1.542,1.545,1.545,1.547,1.55,1.551,1.555,1.557,1.558,1.561,1.562,1.562,1.564,1.566,1.568,1.569,1.57,1.572,1.572,1.574,1.575,1.577,1.576,1.577,1.579,1.58,1.581,1.581,1.582,1.582,1.584,1.585,1.585,1.586,1.587,1.587,1.588,1.589,1.59,1.589,1.591,1.59,1.591,1.592,1.592,1.592,1.593,1.593,1.594,1.594,1.595,1.595,1.596,1.596,1.596,1.597,1.598,1.598,F10,1/1
0.316,0.238,0.205,0.187,0.176,0.169,0.168,0.173,0.179,0.189,0.19,0.191,0.197,0.208,0.221,0.237,0.263,0.34,0.396,0.497,0.876,0.929,0.981,1.024,1.07,1.11,1.151,1.183,1.22,1.252,1.275,1.29,1.29,1.291,1.291,1.295,1.294,1.297,1.297,1.297,1.3,1.3,1.3,1.303,1.305,1.31,1.313,1.316,1.32,1.324,1.33,1.332,1.337,1.344,1.346,1.354,1.358,1.361,1.368,1.375,1.38,1.384,1.392,1.398,1.4,1.406,1.41,1.414,1.418,1.425,1.428,1.434,1.44,1.441,1.448,1.45,1.453,1.458,1.462,1.466,1.469,1.472,1.475,1.478,1.483,1.485,1.488,1.491,1.494,1.497,1.5,1.503,1.506,1.507,1.51,1.511,1.514,1.516,1.517,1.52,1.521,1.523,1.526,1.526,1.529,1.529,1.532,1.532,1.534,1.535,1.536,1.536,1.538,1.54,1.541,1.543,1.543,1.544,1.545,1.547,1.547,1.546,1.549,1.549,1.55,1.551,1.55,1.553,1.553,1.553,1.554,1.554,1.555,1.555,1.556,1.556,1.557,1.558,1.558,1.559,1.559,1.56,1.56,1.56,1.562,1.562,1.562,1.562,1.562,1.565,1.563,F11,1/1
0.346,0.283,0.243,0.224,0.21,0.2,0.199,0.204,0.211,0.219,0.218,0.216,0.219,0.22,0.221,0.221,0.224,0.242,0.278,0.327,0.664,0.971,1.022,1.074,1.121,1.163,1.203,1.239,1.274,1.31,1.335,1.35,1.35,1.351,1.351,1.353,1.354,1.355,1.355,1.357,1.357,1.359,1.359,1.362,1.365,1.368,1.372,1.374,1.378,1.381,1.388,1.391,1.396,1.402,1.406,1.411,1.417,1.421,1.428,1.434,1.439,1.445,1.45,1.456,1.46,1.466,1.471,1.474,1.48,1.485,1.489,1.494,1.498,1.502,1.507,1.511,1.515,1.519,1.522,1.524,1.529,1.533,1.536,1.539,1.541,1.544,1.547,1.551,1.554,1.557,1.559,1.562,1.565,1.567,1.57,1.572,1.575,1.575,1.577,1.58,1.581,1.583,1.585,1.586,1.588,1.589,1.59,1.592,1.594,1.594,1.596,1.599,1.599,1.6,1.602,1.601,1.603,1.604,1.604,1.605,1.606,1.608,1.609,1.609,1.61,1.611,1.611,1.612,1.612,1.612,1.615,1.616,1.616,1.617,1.616,1.617,1.618,1.619,1.619,1.62,1.618,1.621,1.621,1.621,1.622,1.622,1.622,1.623,1.623,1.623,1.625,F12,1/1
0.37,0.237,0.241,0.23,0.229,0.233,0.255,0.275,0.302,0.35,0.366,0.379,0.41,0.556,0.619,0.692,0.744,0.799,0.851,0.901,0.957,1.018,1.065,1.122,1.173,1.215,1.254,1.291,1.328,1.343,1.345,1.345,1.342,1.341,1.339,1.337,1.336,1.336,1.331,1.334,1.343,1.343,1.344,1.343,1.345,1.345,1.345,1.348,1.352,1.35,1.354,1.36,1.357,1.365,1.364,1.367,1.372,1.375,1.379,1.38,1.385,1.389,1.392,1.394,1.398,1.405,1.408,1.415,1.419,1.431,1.433,1.436,1.439,1.441,1.448,1.452,1.455,1.459,1.465,1.467,1.472,1.475,1.48,1.485,1.488,1.493,1.497,1.501,1.505,1.507,1.511,1.517,1.52,1.524,1.527,1.531,1.536,1.537,1.541,1.544,1.547,1.552,1.552,1.558,1.56,1.561,1.566,1.567,1.57,1.575,1.581,1.586,1.588,1.591,1.594,1.598,1.599,1.602,1.605,1.619,1.655,1.654,1.656,1.658,1.661,1.662,1.664,1.667,1.668,1.671,1.672,1.675,1.676,1.678,1.682,1.682,1.682,1.684,1.685,1.687,1.688,1.69,1.692,1.692,1.693,1.695,1.695,1.697,1.698,1.699,1.699,G1,1/1
0.41,0.245,0.28,0.276,0.284,0.321,0.384,0.419,0.451,0.481,0.514,0.546,0.597,0.643,0.678,0.73,0.787,0.831,0.882,0.931,0.994,1.049,1.095,1.147,1.213,1.251,1.291,1.328,1.359,1.366,1.36,1.359,1.355,1.354,1.352,1.351,1.349,1.35,1.342,1.346,1.34,1.346,1.345,1.344,1.345,1.346,1.347,1.35,1.352,1.354,1.359,1.36,1.362,1.368,1.368,1.37,1.378,1.376,1.382,1.383,1.385,1.391,1.389,1.389,1.4,1.407,1.406,1.413,1.418,1.451,1.457,1.461,1.457,1.465,1.469,1.47,1.478,1.479,1.484,1.486,1.489,1.492,1.495,1.501,1.507,1.507,1.513,1.516,1.52,1.522,1.526,1.53,1.534,1.538,1.542,1.543,1.546,1.55,1.553,1.557,1.559,1.562,1.565,1.567,1.571,1.571,1.574,1.577,1.579,1.582,1.585,1.586,1.59,1.593,1.595,1.6,1.639,1.648,1.656,1.656,1.662,1.665,1.669,1.67,1.671,1.674,1.675,1.677,1.68,1.681,1.682,1.684,1.685,1.687,1.688,1.689,1.69,1.691,1.694,1.695,1.697,1.696,1.699,1.7,1.699,1.701,1.702,1.702,1.704,1.706,1.706,G2,1/1
0.372,0.237,0.252,0.243,0.246,0.258,0.309,0.339,0.372,0.422,0.454,0.485,0.537,0.591,0.626,0.684,0.741,0.783,0.835,0.886,0.942,0.994,1.042,1.096,1.153,1.197,1.238,1.278,1.312,1.332,1.329,1.327,1.325,1.322,1.321,1.318,1.316,1.315,1.312,1.309,1.312,1.31,1.312,1.31,1.312,1.309,1.313,1.314,1.316,1.319,1.32,1.322,1.323,1.328,1.327,1.335,1.361,1.398,1.403,1.404,1.408,1.409,1.414,1.416,1.418,1.432,1.435,1.445,1.451,1.454,1.457,1.46,1.456,1.467,1.472,1.473,1.476,1.481,1.484,1.488,1.491,1.493,1.499,1.503,1.507,1.51,1.516,1.516,1.52,1.524,1.526,1.532,1.535,1.537,1.544,1.546,1.547,1.552,1.555,1.561,1.562,1.566,1.568,1.571,1.578,1.581,1.583,1.584,1.589,1.591,1.593,1.596,1.598,1.6,1.602,1.607,1.608,1.611,1.613,1.614,1.618,1.618,1.621,1.622,1.625,1.626,1.628,1.63,1.631,1.633,1.634,1.635,1.635,1.637,1.639,1.641,1.641,1.643,1.644,1.645,1.646,1.647,1.649,1.649,1.65,1.65,1.651,1.653,1.653,1.655,1.654,G3,1/1
0.397,0.289,0.258,0.235,0.229,0.221,0.229,0.241,0.261,0.272,0.28,0.281,0.29,0.307,0.315,0.392,0.713,0.801,0.853,0.902,0.955,1.006,1.055,1.095,1.137,1.177,1.215,1.251,1.286,1.317,1.343,1.366,1.369,1.367,1.369,1.37,1.369,1.372,1.369,1.37,1.375,1.375,1.373,1.374,1.375,1.375,1.379,1.382,1.383,1.387,1.391,1.394,1.397,1.403,1.403,1.408,1.413,1.414,1.419,1.424,1.43,1.431,1.437,1.442,1.444,1.451,1.452,1.456,1.463,1.466,1.47,1.473,1.479,1.48,1.485,1.488,1.49,1.497,1.498,1.503,1.504,1.507,1.51,1.514,1.517,1.521,1.523,1.526,1.529,1.531,1.533,1.536,1.538,1.54,1.543,1.542,1.545,1.548,1.549,1.551,1.554,1.555,1.556,1.557,1.56,1.561,1.561,1.564,1.564,1.566,1.566,1.568,1.569,1.57,1.571,1.572,1.573,1.574,1.575,1.576,1.576,1.576,1.577,1.578,1.579,1.58,1.581,1.58,1.581,1.582,1.582,1.584,1.584,1.584,1.584,1.586,1.585,1.586,1.586,1.587,1.587,1.588,1.589,1.588,1.589,1.59,1.59,1.591,1.591,1.592,1.592,G4,1/1
0.42,0.297,0.263,0.238,0.227,0.217,0.219,0.221,0.23,0.237,0.238,0.236,0.24,0.251,0.284,0.352,0.531,0.764,0.892,0.942,0.999,1.045,1.089,1.134,1.177,1.212,1.253,1.288,1.319,1.35,1.366,1.369,1.369,1.369,1.369,1.369,1.369,1.371,1.37,1.371,1.374,1.373,1.376,1.377,1.378,1.378,1.384,1.386,1.388,1.393,1.395,1.399,1.402,1.407,1.407,1.415,1.418,1.42,1.426,1.431,1.436,1.435,1.443,1.445,1.448,1.455,1.458,1.461,1.468,1.471,1.474,1.478,1.482,1.483,1.488,1.49,1.493,1.497,1.5,1.503,1.507,1.508,1.513,1.514,1.516,1.521,1.522,1.526,1.528,1.529,1.533,1.536,1.538,1.54,1.541,1.543,1.545,1.547,1.549,1.551,1.553,1.553,1.555,1.557,1.557,1.559,1.56,1.561,1.562,1.563,1.566,1.567,1.566,1.567,1.568,1.569,1.57,1.572,1.571,1.572,1.573,1.573,1.575,1.575,1.575,1.576,1.577,1.577,1.578,1.578,1.58,1.58,1.581,1.581,1.58,1.581,1.581,1.582,1.581,1.583,1.584,1.583,1.585,1.585,1.586,1.586,1.586,1.586,1.586,1.588,1.588,G5,1/1
0.375,0.283,0.258,0.237,0.231,0.225,0.23,0.24,0.257,0.271,0.278,0.284,0.296,0.314,0.321,0.344,0.496,0.682,0.799,0.863,0.916,0.965,1.012,1.056,1.102,1.141,1.183,1.22,1.255,1.289,1.318,1.346,1.362,1.363,1.362,1.363,1.363,1.364,1.362,1.363,1.368,1.367,1.367,1.366,1.368,1.368,1.373,1.373,1.377,1.38,1.385,1.389,1.389,1.395,1.394,1.402,1.405,1.409,1.413,1.417,1.422,1.424,1.431,1.436,1.437,1.445,1.445,1.45,1.456,1.46,1.462,1.466,1.472,1.471,1.48,1.482,1.482,1.487,1.49,1.495,1.497,1.5,1.502,1.504,1.508,1.51,1.513,1.517,1.519,1.52,1.523,1.526,1.529,1.53,1.533,1.533,1.536,1.537,1.538,1.542,1.542,1.545,1.546,1.547,1.55,1.549,1.551,1.552,1.554,1.556,1.556,1.555,1.557,1.558,1.56,1.56,1.562,1.562,1.564,1.563,1.564,1.565,1.567,1.567,1.567,1.568,1.568,1.569,1.569,1.57,1.57,1.572,1.57,1.572,1.572,1.573,1.573,1.573,1.574,1.575,1.574,1.574,1.575,1.575,1.576,1.577,1.578,1.576,1.578,1.579,1.578,G6,1/1
0.414,0.284,0.254,0.239,0.231,0.228,0.232,0.236,0.24,0.246,0.245,0.241,0.243,0.247,0.239,0.25,0.291,0.331,0.367,0.446,0.893,0.952,0.999,1.043,1.089,1.126,1.169,1.205,1.242,1.276,1.304,1.331,1.34,1.34,1.339,1.341,1.341,1.344,1.341,1.344,1.345,1.346,1.346,1.344,1.345,1.348,1.353,1.353,1.357,1.36,1.365,1.367,1.37,1.376,1.375,1.382,1.387,1.387,1.394,1.399,1.405,1.404,1.411,1.417,1.419,1.426,1.427,1.431,1.438,1.442,1.444,1.447,1.454,1.453,1.461,1.465,1.466,1.472,1.474,1.479,1.482,1.484,1.489,1.491,1.495,1.499,1.502,1.503,1.507,1.509,1.511,1.515,1.517,1.521,1.523,1.522,1.525,1.529,1.53,1.533,1.534,1.537,1.538,1.54,1.541,1.542,1.543,1.544,1.546,1.546,1.548,1.549,1.55,1.551,1.553,1.554,1.554,1.557,1.558,1.558,1.559,1.559,1.559,1.56,1.562,1.562,1.563,1.564,1.563,1.564,1.566,1.566,1.565,1.567,1.566,1.568,1.568,1.567,1.569,1.57,1.568,1.57,1.569,1.572,1.57,1.572,1.571,1.571,1.572,1.574,1.573,G7,1/1
0.406,0.299,0.265,0.247,0.238,0.231,0.234,0.237,0.242,0.248,0.248,0.239,0.24,0.24,0.232,0.252,0.29,0.333,0.375,0.438,0.92,0.971,1.027,1.068,1.115,1.151,1.191,1.228,1.262,1.297,1.322,1.344,1.345,1.343,1.344,1.346,1.347,1.349,1.345,1.347,1.352,1.35,1.35,1.35,1.352,1.354,1.358,1.359,1.363,1.366,1.371,1.374,1.375,1.382,1.382,1.388,1.394,1.394,1.4,1.406,1.411,1.412,1.418,1.422,1.423,1.431,1.434,1.437,1.444,1.449,1.451,1.454,1.461,1.46,1.467,1.472,1.472,1.478,1.481,1.485,1.489,1.489,1.494,1.496,1.5,1.504,1.508,1.509,1.512,1.514,1.518,1.52,1.523,1.526,1.528,1.529,1.531,1.533,1.534,1.536,1.539,1.541,1.541,1.544,1.546,1.546,1.546,1.548,1.549,1.551,1.553,1.553,1.554,1.556,1.558,1.558,1.559,1.559,1.562,1.562,1.563,1.563,1.563,1.565,1.564,1.567,1.566,1.566,1.566,1.568,1.568,1.569,1.569,1.569,1.569,1.57,1.571,1.571,1.57,1.573,1.571,1.572,1.573,1.573,1.573,1.573,1.574,1.574,1.575,1.574,1.575,G8,1/1
0.361,0.29,0.26,0.239,0.23,0.221,0.222,0.221,0.224,0.225,0.222,0.216,0.214,0.214,0.206,0.204,0.21,0.242,0.275,0.307,0.67,0.953,0.996,1.044,1.088,1.129,1.171,1.21,1.246,1.279,1.31,1.329,1.334,1.333,1.332,1.333,1.334,1.336,1.333,1.335,1.337,1.337,1.337,1.337,1.339,1.342,1.345,1.346,1.35,1.354,1.358,1.361,1.362,1.369,1.368,1.377,1.381,1.383,1.388,1.393,1.399,1.401,1.407,1.412,1.413,1.42,1.422,1.426,1.432,1.436,1.439,1.445,1.45,1.45,1.457,1.46,1.464,1.468,1.47,1.474,1.477,1.481,1.485,1.486,1.489,1.493,1.497,1.499,1.502,1.504,1.507,1.509,1.513,1.516,1.519,1.519,1.521,1.524,1.525,1.526,1.529,1.531,1.533,1.535,1.536,1.537,1.539,1.54,1.542,1.542,1.545,1.544,1.545,1.546,1.549,1.549,1.549,1.551,1.552,1.552,1.554,1.554,1.554,1.556,1.556,1.557,1.557,1.558,1.559,1.56,1.559,1.562,1.56,1.561,1.561,1.562,1.562,1.562,1.561,1.563,1.564,1.563,1.564,1.565,1.564,1.566,1.565,1.564,1.567,1.567,1.567,G9,1/1
0.41,0.329,0.284,0.265,0.253,0.238,0.243,0.248,0.258,0.271,0.275,0.267,0.273,0.294,0.318,0.334,0.418,0.602,0.789,0.952,1,1.051,1.103,1.142,1.186,1.222,1.26,1.295,1.327,1.353,1.357,1.358,1.357,1.356,1.359,1.359,1.359,1.362,1.36,1.361,1.364,1.364,1.366,1.368,1.368,1.371,1.376,1.379,1.381,1.386,1.391,1.395,1.398,1.403,1.403,1.411,1.415,1.417,1.425,1.428,1.433,1.435,1.44,1.446,1.446,1.454,1.456,1.46,1.467,1.47,1.474,1.477,1.482,1.482,1.489,1.491,1.493,1.497,1.501,1.504,1.508,1.51,1.513,1.515,1.518,1.521,1.524,1.527,1.53,1.532,1.534,1.537,1.539,1.542,1.544,1.544,1.546,1.549,1.552,1.552,1.554,1.557,1.558,1.56,1.56,1.561,1.563,1.564,1.566,1.566,1.567,1.568,1.57,1.569,1.572,1.572,1.573,1.573,1.575,1.574,1.575,1.575,1.576,1.577,1.579,1.579,1.578,1.578,1.579,1.58,1.58,1.58,1.58,1.58,1.581,1.581,1.582,1.582,1.581,1.583,1.583,1.582,1.582,1.584,1.584,1.585,1.585,1.584,1.585,1.585,1.585,G10,1/1
0.333,0.274,0.234,0.217,0.202,0.194,0.192,0.196,0.202,0.211,0.212,0.207,0.209,0.221,0.245,0.274,0.378,0.576,0.795,0.903,0.952,1.003,1.054,1.093,1.14,1.175,1.213,1.247,1.281,1.307,1.313,1.315,1.312,1.312,1.315,1.317,1.315,1.32,1.316,1.317,1.322,1.321,1.323,1.324,1.324,1.327,1.332,1.334,1.338,1.342,1.345,1.35,1.352,1.359,1.359,1.365,1.371,1.372,1.377,1.382,1.387,1.39,1.395,1.401,1.401,1.408,1.411,1.414,1.42,1.425,1.427,1.43,1.435,1.435,1.442,1.445,1.447,1.453,1.455,1.46,1.461,1.463,1.467,1.469,1.473,1.475,1.479,1.481,1.483,1.485,1.487,1.49,1.493,1.495,1.498,1.498,1.5,1.502,1.505,1.506,1.507,1.509,1.511,1.512,1.514,1.515,1.516,1.517,1.52,1.52,1.521,1.521,1.523,1.524,1.525,1.528,1.526,1.527,1.53,1.53,1.531,1.53,1.531,1.531,1.532,1.534,1.533,1.534,1.534,1.534,1.535,1.535,1.536,1.536,1.537,1.537,1.537,1.538,1.538,1.538,1.539,1.538,1.54,1.541,1.539,1.541,1.54,1.539,1.54,1.543,1.541,G11,1/1
0.386,0.296,0.256,0.235,0.22,0.212,0.211,0.214,0.219,0.225,0.227,0.222,0.223,0.246,0.274,0.305,0.359,0.474,0.575,0.811,1.001,1.053,1.102,1.152,1.194,1.231,1.274,1.309,1.341,1.367,1.374,1.372,1.37,1.372,1.373,1.374,1.375,1.376,1.375,1.377,1.38,1.38,1.381,1.382,1.385,1.386,1.39,1.394,1.398,1.402,1.407,1.41,1.413,1.419,1.422,1.427,1.433,1.436,1.441,1.444,1.45,1.453,1.46,1.464,1.465,1.471,1.475,1.48,1.485,1.488,1.491,1.494,1.5,1.501,1.508,1.512,1.513,1.517,1.519,1.522,1.527,1.53,1.532,1.534,1.538,1.54,1.543,1.547,1.549,1.551,1.553,1.556,1.56,1.561,1.563,1.564,1.567,1.569,1.571,1.573,1.574,1.577,1.578,1.58,1.581,1.582,1.584,1.585,1.585,1.587,1.588,1.591,1.59,1.591,1.593,1.594,1.595,1.596,1.595,1.596,1.597,1.598,1.599,1.6,1.6,1.601,1.601,1.601,1.602,1.604,1.603,1.604,1.605,1.604,1.605,1.605,1.606,1.606,1.606,1.608,1.606,1.607,1.608,1.608,1.608,1.609,1.609,1.609,1.609,1.609,1.61,G12,1/1
0.364,0.264,0.263,0.25,0.251,0.258,0.275,0.303,0.345,0.39,0.433,0.492,0.567,0.681,0.753,0.815,0.889,0.947,1.008,1.066,1.118,1.166,1.207,1.258,1.303,1.338,1.369,1.395,1.402,1.403,1.404,1.406,1.407,1.408,1.408,1.413,1.41,1.411,1.412,1.415,1.411,1.418,1.421,1.423,1.425,1.43,1.433,1.433,1.44,1.441,1.449,1.453,1.454,1.466,1.469,1.471,1.479,1.486,1.491,1.495,1.498,1.508,1.509,1.512,1.52,1.528,1.533,1.537,1.542,1.547,1.55,1.555,1.56,1.566,1.57,1.575,1.578,1.582,1.588,1.593,1.597,1.602,1.606,1.61,1.612,1.618,1.623,1.628,1.632,1.632,1.638,1.643,1.645,1.65,1.654,1.658,1.662,1.664,1.668,1.671,1.674,1.677,1.679,1.684,1.686,1.688,1.691,1.694,1.698,1.701,1.702,1.706,1.707,1.709,1.712,1.714,1.717,1.719,1.72,1.724,1.727,1.726,1.73,1.73,1.733,1.734,1.737,1.738,1.74,1.741,1.744,1.746,1.746,1.749,1.753,1.752,1.751,1.756,1.754,1.757,1.757,1.758,1.761,1.763,1.763,1.763,1.763,1.765,1.765,1.766,1.767,H1,1/1
0.415,0.278,0.282,0.27,0.266,0.276,0.304,0.335,0.375,0.425,0.462,0.522,0.593,0.711,0.789,0.851,0.925,0.984,1.04,1.098,1.148,1.2,1.242,1.284,1.327,1.364,1.391,1.402,1.406,1.407,1.407,1.41,1.409,1.412,1.414,1.415,1.415,1.416,1.418,1.42,1.421,1.424,1.428,1.43,1.431,1.435,1.44,1.444,1.448,1.452,1.455,1.462,1.466,1.472,1.478,1.481,1.489,1.495,1.5,1.505,1.509,1.517,1.521,1.526,1.529,1.536,1.542,1.546,1.551,1.555,1.56,1.564,1.57,1.574,1.578,1.584,1.587,1.593,1.596,1.599,1.605,1.609,1.613,1.617,1.619,1.624,1.63,1.633,1.638,1.639,1.643,1.649,1.652,1.654,1.659,1.661,1.664,1.667,1.67,1.675,1.677,1.68,1.683,1.685,1.689,1.691,1.693,1.695,1.698,1.703,1.704,1.707,1.709,1.711,1.713,1.714,1.717,1.719,1.722,1.724,1.727,1.728,1.732,1.733,1.736,1.737,1.739,1.739,1.742,1.743,1.745,1.747,1.747,1.749,1.751,1.751,1.754,1.753,1.755,1.756,1.758,1.756,1.76,1.761,1.761,1.762,1.765,1.763,1.764,1.766,1.768,H2,1/1
0.381,0.245,0.248,0.238,0.235,0.242,0.274,0.307,0.344,0.382,0.412,0.457,0.531,0.637,0.714,0.786,0.862,0.917,0.977,1.037,1.09,1.139,1.186,1.233,1.28,1.316,1.351,1.379,1.391,1.395,1.393,1.395,1.396,1.401,1.401,1.403,1.401,1.403,1.404,1.407,1.407,1.411,1.415,1.416,1.418,1.419,1.425,1.429,1.434,1.438,1.441,1.448,1.451,1.458,1.463,1.467,1.475,1.481,1.487,1.491,1.495,1.503,1.508,1.511,1.518,1.524,1.53,1.533,1.539,1.545,1.547,1.553,1.558,1.564,1.566,1.574,1.576,1.583,1.586,1.59,1.594,1.598,1.604,1.609,1.613,1.616,1.621,1.624,1.628,1.633,1.638,1.642,1.645,1.649,1.651,1.655,1.658,1.661,1.664,1.669,1.67,1.675,1.677,1.68,1.685,1.687,1.689,1.693,1.695,1.698,1.701,1.703,1.707,1.707,1.71,1.713,1.716,1.718,1.719,1.724,1.725,1.725,1.728,1.73,1.732,1.735,1.735,1.737,1.742,1.743,1.745,1.748,1.748,1.751,1.751,1.755,1.755,1.757,1.757,1.76,1.761,1.762,1.763,1.765,1.766,1.765,1.767,1.767,1.768,1.768,1.771,H3,1/1
0.401,0.377,0.354,0.339,0.334,0.324,0.3,0.293,0.297,0.302,0.299,0.297,0.305,0.328,0.329,0.345,0.378,0.44,0.539,0.669,1.014,1.073,1.125,1.17,1.217,1.255,1.291,1.328,1.36,1.385,1.384,1.387,1.383,1.384,1.388,1.39,1.389,1.389,1.39,1.392,1.396,1.396,1.396,1.398,1.398,1.4,1.405,1.405,1.409,1.415,1.417,1.419,1.424,1.428,1.431,1.435,1.44,1.441,1.445,1.45,1.454,1.457,1.462,1.465,1.466,1.472,1.474,1.475,1.48,1.486,1.485,1.488,1.496,1.494,1.498,1.502,1.502,1.508,1.509,1.511,1.512,1.516,1.518,1.521,1.521,1.524,1.527,1.529,1.532,1.532,1.534,1.537,1.538,1.539,1.541,1.541,1.543,1.545,1.545,1.548,1.549,1.551,1.552,1.552,1.556,1.556,1.555,1.557,1.557,1.558,1.559,1.562,1.561,1.563,1.562,1.564,1.564,1.565,1.565,1.565,1.567,1.567,1.567,1.569,1.569,1.569,1.569,1.569,1.57,1.571,1.571,1.571,1.571,1.572,1.571,1.572,1.572,1.573,1.57,1.572,1.571,1.573,1.572,1.574,1.573,1.574,1.572,1.573,1.575,1.574,1.574,H4,1/1
0.403,0.318,0.279,0.266,0.253,0.246,0.244,0.249,0.252,0.26,0.261,0.264,0.271,0.291,0.291,0.309,0.336,0.413,0.487,0.575,0.994,1.059,1.118,1.156,1.205,1.242,1.28,1.315,1.345,1.373,1.374,1.377,1.375,1.376,1.379,1.383,1.379,1.379,1.382,1.382,1.383,1.385,1.384,1.387,1.386,1.389,1.393,1.395,1.398,1.403,1.406,1.407,1.412,1.416,1.418,1.424,1.428,1.428,1.431,1.438,1.441,1.444,1.449,1.45,1.451,1.458,1.459,1.46,1.464,1.471,1.47,1.472,1.48,1.478,1.481,1.485,1.485,1.489,1.491,1.492,1.496,1.498,1.5,1.501,1.502,1.505,1.508,1.51,1.511,1.512,1.516,1.518,1.519,1.52,1.521,1.523,1.523,1.524,1.525,1.527,1.528,1.53,1.531,1.532,1.532,1.534,1.533,1.535,1.536,1.537,1.538,1.539,1.538,1.54,1.54,1.541,1.541,1.543,1.541,1.543,1.544,1.542,1.545,1.544,1.545,1.545,1.546,1.545,1.545,1.545,1.545,1.545,1.546,1.548,1.545,1.546,1.547,1.547,1.546,1.546,1.546,1.546,1.548,1.547,1.547,1.547,1.547,1.548,1.552,1.551,1.552,H5,1/1
0.364,0.349,0.325,0.315,0.308,0.3,0.287,0.286,0.293,0.299,0.296,0.302,0.311,0.33,0.337,0.345,0.374,0.455,0.536,0.679,0.985,1.044,1.1,1.144,1.191,1.231,1.266,1.304,1.335,1.367,1.376,1.38,1.376,1.375,1.38,1.381,1.378,1.379,1.38,1.383,1.383,1.383,1.387,1.388,1.385,1.387,1.391,1.394,1.395,1.401,1.402,1.405,1.408,1.412,1.414,1.418,1.422,1.424,1.428,1.433,1.436,1.438,1.443,1.444,1.445,1.453,1.453,1.454,1.458,1.464,1.464,1.468,1.473,1.473,1.474,1.478,1.478,1.482,1.484,1.485,1.487,1.49,1.492,1.493,1.494,1.497,1.5,1.502,1.503,1.504,1.506,1.509,1.51,1.511,1.511,1.513,1.514,1.514,1.515,1.519,1.518,1.52,1.52,1.52,1.522,1.523,1.523,1.525,1.525,1.526,1.526,1.527,1.528,1.527,1.529,1.529,1.53,1.53,1.53,1.532,1.531,1.532,1.531,1.532,1.532,1.532,1.533,1.532,1.532,1.533,1.534,1.532,1.532,1.534,1.532,1.534,1.534,1.535,1.533,1.533,1.532,1.532,1.533,1.534,1.533,1.534,1.533,1.533,1.534,1.534,1.534,H6,1/1
0.386,0.339,0.32,0.302,0.29,0.281,0.28,0.278,0.283,0.287,0.279,0.276,0.283,0.306,0.313,0.31,0.333,0.351,0.372,0.418,0.823,1.025,1.081,1.124,1.176,1.213,1.252,1.288,1.324,1.352,1.355,1.36,1.355,1.355,1.356,1.363,1.359,1.361,1.361,1.364,1.365,1.367,1.366,1.368,1.366,1.372,1.376,1.376,1.379,1.385,1.388,1.391,1.393,1.4,1.401,1.406,1.412,1.411,1.415,1.421,1.426,1.428,1.434,1.438,1.437,1.443,1.445,1.444,1.45,1.457,1.455,1.458,1.469,1.463,1.468,1.475,1.472,1.478,1.48,1.482,1.484,1.488,1.49,1.492,1.494,1.497,1.499,1.501,1.504,1.505,1.506,1.51,1.511,1.513,1.514,1.513,1.517,1.517,1.518,1.521,1.521,1.523,1.524,1.525,1.527,1.526,1.526,1.528,1.529,1.53,1.529,1.53,1.531,1.531,1.532,1.533,1.533,1.534,1.534,1.534,1.534,1.533,1.535,1.534,1.536,1.535,1.535,1.534,1.535,1.536,1.536,1.534,1.535,1.539,1.538,1.539,1.538,1.539,1.537,1.539,1.542,1.542,1.544,1.544,1.544,1.545,1.543,1.545,1.545,1.544,1.545,H7,1/1
0.387,0.363,0.331,0.313,0.301,0.294,0.286,0.284,0.288,0.287,0.281,0.279,0.283,0.298,0.297,0.306,0.323,0.328,0.315,0.312,0.543,0.973,1.078,1.125,1.176,1.215,1.254,1.289,1.322,1.352,1.352,1.358,1.354,1.352,1.354,1.36,1.356,1.359,1.358,1.361,1.364,1.364,1.364,1.366,1.364,1.369,1.373,1.373,1.379,1.384,1.387,1.388,1.392,1.399,1.398,1.404,1.41,1.409,1.413,1.42,1.424,1.427,1.433,1.435,1.435,1.441,1.442,1.443,1.449,1.456,1.454,1.457,1.467,1.463,1.467,1.472,1.471,1.475,1.478,1.481,1.483,1.486,1.489,1.489,1.492,1.494,1.498,1.498,1.501,1.503,1.504,1.507,1.509,1.509,1.511,1.512,1.513,1.514,1.515,1.518,1.518,1.521,1.521,1.522,1.524,1.523,1.524,1.525,1.527,1.527,1.528,1.528,1.527,1.529,1.53,1.53,1.531,1.531,1.532,1.532,1.532,1.531,1.531,1.533,1.532,1.535,1.535,1.534,1.536,1.536,1.538,1.54,1.539,1.542,1.539,1.542,1.541,1.543,1.541,1.543,1.54,1.541,1.544,1.544,1.544,1.544,1.544,1.544,1.545,1.545,1.545,H8,1/1
0.383,0.304,0.266,0.246,0.232,0.224,0.223,0.224,0.228,0.227,0.224,0.224,0.227,0.23,0.223,0.225,0.247,0.251,0.254,0.256,0.38,0.886,1.058,1.106,1.157,1.195,1.239,1.277,1.31,1.342,1.344,1.347,1.344,1.343,1.347,1.35,1.347,1.347,1.348,1.352,1.355,1.354,1.354,1.357,1.355,1.357,1.363,1.364,1.368,1.374,1.378,1.379,1.382,1.39,1.39,1.395,1.402,1.402,1.405,1.413,1.416,1.419,1.425,1.428,1.427,1.434,1.435,1.436,1.442,1.449,1.448,1.452,1.46,1.457,1.462,1.465,1.466,1.47,1.473,1.473,1.478,1.48,1.483,1.484,1.484,1.488,1.491,1.493,1.497,1.498,1.498,1.501,1.503,1.504,1.506,1.506,1.509,1.51,1.51,1.512,1.514,1.515,1.517,1.517,1.518,1.519,1.52,1.52,1.522,1.521,1.523,1.523,1.523,1.524,1.525,1.529,1.53,1.531,1.531,1.53,1.532,1.53,1.531,1.533,1.531,1.533,1.533,1.532,1.533,1.533,1.532,1.532,1.532,1.533,1.532,1.533,1.532,1.534,1.532,1.532,1.531,1.532,1.533,1.536,1.534,1.538,1.538,1.537,1.538,1.54,1.544,H9,1/1
0.438,0.362,0.316,0.296,0.274,0.268,0.268,0.276,0.276,0.28,0.272,0.268,0.265,0.287,0.291,0.32,0.465,0.657,0.78,0.963,1.076,1.128,1.181,1.214,1.265,1.299,1.335,1.362,1.37,1.372,1.367,1.373,1.37,1.371,1.372,1.378,1.375,1.378,1.376,1.38,1.382,1.385,1.385,1.387,1.387,1.391,1.398,1.399,1.408,1.413,1.42,1.42,1.424,1.43,1.432,1.437,1.444,1.444,1.447,1.454,1.457,1.461,1.466,1.469,1.468,1.474,1.475,1.477,1.482,1.487,1.487,1.489,1.498,1.494,1.499,1.505,1.502,1.506,1.509,1.511,1.515,1.516,1.519,1.518,1.521,1.525,1.528,1.528,1.531,1.532,1.532,1.536,1.537,1.539,1.541,1.539,1.541,1.543,1.544,1.546,1.546,1.547,1.549,1.551,1.551,1.551,1.552,1.554,1.557,1.558,1.558,1.559,1.559,1.561,1.561,1.561,1.562,1.562,1.562,1.563,1.563,1.563,1.564,1.565,1.566,1.565,1.565,1.565,1.564,1.566,1.566,1.564,1.565,1.567,1.565,1.567,1.566,1.567,1.565,1.566,1.566,1.566,1.567,1.571,1.57,1.571,1.571,1.571,1.572,1.571,1.571,H10,1/1
0.39,0.286,0.246,0.227,0.21,0.197,0.196,0.201,0.207,0.214,0.213,0.211,0.222,0.24,0.258,0.314,0.435,0.555,0.621,0.752,1.023,1.076,1.133,1.17,1.218,1.254,1.289,1.315,1.324,1.326,1.32,1.326,1.324,1.324,1.325,1.331,1.329,1.33,1.331,1.334,1.338,1.338,1.337,1.34,1.339,1.345,1.349,1.35,1.356,1.362,1.366,1.369,1.372,1.379,1.381,1.386,1.392,1.391,1.395,1.401,1.405,1.409,1.413,1.418,1.413,1.421,1.423,1.424,1.428,1.434,1.434,1.437,1.446,1.44,1.445,1.451,1.449,1.455,1.457,1.458,1.461,1.462,1.465,1.466,1.468,1.471,1.473,1.475,1.477,1.479,1.479,1.482,1.484,1.484,1.486,1.486,1.488,1.489,1.49,1.491,1.492,1.493,1.497,1.496,1.5,1.499,1.5,1.502,1.504,1.505,1.506,1.506,1.507,1.51,1.509,1.511,1.51,1.512,1.512,1.512,1.514,1.511,1.512,1.512,1.512,1.512,1.513,1.512,1.513,1.513,1.513,1.512,1.513,1.514,1.515,1.516,1.516,1.518,1.516,1.518,1.518,1.517,1.519,1.519,1.519,1.518,1.519,1.519,1.521,1.52,1.52,H11,1/1
0.416,0.297,0.252,0.229,0.211,0.202,0.202,0.198,0.204,0.216,0.217,0.218,0.24,0.272,0.292,0.342,0.431,0.558,0.64,0.747,1.083,1.136,1.19,1.229,1.28,1.314,1.351,1.374,1.379,1.38,1.377,1.38,1.378,1.379,1.38,1.386,1.384,1.384,1.384,1.389,1.391,1.393,1.392,1.395,1.395,1.399,1.405,1.406,1.412,1.418,1.423,1.424,1.428,1.435,1.437,1.443,1.448,1.448,1.452,1.458,1.461,1.466,1.473,1.474,1.473,1.481,1.481,1.483,1.488,1.494,1.493,1.495,1.503,1.501,1.505,1.51,1.51,1.514,1.515,1.517,1.519,1.521,1.525,1.525,1.528,1.53,1.532,1.533,1.536,1.538,1.539,1.54,1.543,1.545,1.547,1.547,1.551,1.552,1.553,1.556,1.556,1.557,1.559,1.56,1.562,1.562,1.563,1.564,1.565,1.566,1.566,1.569,1.568,1.57,1.571,1.572,1.572,1.573,1.572,1.573,1.573,1.574,1.573,1.574,1.574,1.575,1.575,1.574,1.576,1.576,1.576,1.576,1.577,1.577,1.576,1.579,1.578,1.578,1.578,1.578,1.578,1.579,1.579,1.579,1.579,1.579,1.579,1.578,1.579,1.579,1.581,H12,1/1
Date of measurement: 2018-05-22/Time of measurement: 18:49:28,,,,,,,,,,,,,,,,,,,,,,,,,,,,,,,,,,,,,,,,,,,,,,,,,,,,,,,,,,,,,,,,,,,,,,,,,,,,,,,,,,,,,,,,,,,,,,,,,,,,,,,,,,,,,,,,,,,,,,,,,,,,,,,,,,,,,,,,,,,,,,,,,,,,,,,,1/1
"2 Days, 145 Hrs.mth",,,,,,,,,,,,,,,,,,,,,,,,,,,,,,,,,,,,,,,,,,,,,,,,,,,,,,,,,,,,,,,,,,,,,,,,,,,,,,,,,,,,,,,,,,,,,,,,,,,,,,,,,,,,,,,,,,,,,,,,,,,,,,,,,,,,,,,,,,,,,,,,,,,,,,,,1/1
"Hydrolysate testing, autoclaved media 1.wsp",,,,,,,,,,,,,,,,,,,,,,,,,,,,,,,,,,,,,,,,,,,,,,,,,,,,,,,,,,,,,,,,,,,,,,,,,,,,,,,,,,,,,,,,,,,,,,,,,,,,,,,,,,,,,,,,,,,,,,,,,,,,,,,,,,,,,,,,,,,,,,,,,,,,,,,,
"C:\Users\Public\Documents\Tecan\Magellan\wsp\Hydrolysate testing, autoclaved media 1.wsp",,,,,,,,,,,,,,,,,,,,,,,,,,,,,,,,,,,,,,,,,,,,,,,,,,,,,,,,,,,,,,,,,,,,,,,,,,,,,,,,,,,,,,,,,,,,,,,,,,,,,,,,,,,,,,,,,,,,,,,,,,,,,,,,,,,,,,,,,,,,,,,,,,,,,,,,
